//! Complete feature gate registry with protocol-defined pubkeys.
//!
//! Each feature is identified by a unique pubkey assigned by the Solana protocol.
//! These pubkeys are NOT derived from feature names — they are predefined
//! Ed25519 public keys that identify specific on-chain feature accounts.
//!
//! The registry contains all features recognized by the current protocol
//! (aligned to the reference upstream baseline abb557c7, 2026-06-02).
//! Features control runtime behavior changes and are activated through
//! on-chain governance.

use super::FeatureActivation;
use karstflow_types::Pubkey;

/// Total number of registered protocol features.
pub const FEATURE_COUNT: usize = 278;

/// Complete registry of all protocol features.
///
/// Each entry is a (name, pubkey_bytes) pair. The pubkey bytes are the
/// raw 32-byte Ed25519 public key identifying the feature account on-chain.
pub const FEATURE_REGISTRY: &[(&str, [u8; 32]); FEATURE_COUNT] = &[
    (
        "deprecate_rewards_sysvar",
        [
            0xe7, 0x5f, 0xc6, 0x7c, 0x5f, 0x30, 0x77, 0x25, 0xb6, 0x9e, 0x15, 0xbc, 0x0f, 0xd3,
            0x26, 0x29, 0x0b, 0x7c, 0x02, 0x21, 0xaf, 0x9b, 0x5a, 0x1d, 0xfe, 0xac, 0x67, 0x40,
            0x80, 0x67, 0x4c, 0x3a,
        ],
    ),
    (
        "pico_inflation",
        [
            0x32, 0xda, 0x36, 0xc8, 0x6b, 0xd3, 0x95, 0x70, 0x85, 0x28, 0x50, 0xc5, 0x40, 0xb6,
            0xea, 0xeb, 0xda, 0xf1, 0xca, 0x6d, 0x30, 0x85, 0x46, 0x37, 0x34, 0xa2, 0x73, 0x4c,
            0xd7, 0xb3, 0x83, 0x80,
        ],
    ),
    (
        "devnet_and_testnet",
        [
            0xb8, 0xf9, 0x9d, 0x82, 0x20, 0x0f, 0x99, 0x8b, 0x98, 0xc4, 0x89, 0xbc, 0x09, 0x52,
            0xdf, 0x91, 0x9e, 0xf2, 0xb5, 0x9b, 0xe9, 0xf7, 0x54, 0xee, 0xea, 0x83, 0x26, 0x25,
            0x63, 0xbb, 0xec, 0x05,
        ],
    ),
    (
        "full_inflation_vote",
        [
            0xa3, 0x3a, 0x7e, 0xd2, 0x59, 0x88, 0xe1, 0x47, 0x3f, 0x2d, 0xd4, 0xb8, 0xd8, 0x11,
            0xea, 0x38, 0x4d, 0xf8, 0x81, 0x37, 0x10, 0xd2, 0x32, 0xe0, 0xaf, 0xc1, 0x60, 0x43,
            0xf1, 0xbf, 0xbf, 0xac,
        ],
    ),
    (
        "full_inflation_enable",
        [
            0x60, 0xf1, 0x06, 0xaa, 0x86, 0x1f, 0x57, 0xe7, 0x69, 0x46, 0x83, 0x60, 0x05, 0x72,
            0x0e, 0x3a, 0xe9, 0xfb, 0xb0, 0x6b, 0xb0, 0x66, 0x90, 0xe6, 0x29, 0xa6, 0x61, 0x92,
            0x93, 0xbe, 0x01, 0x7d,
        ],
    ),
    (
        "secp256k1_program_enabled",
        [
            0xc1, 0xc4, 0x49, 0x57, 0x9c, 0x05, 0x24, 0xd9, 0xe1, 0x68, 0xa6, 0x5a, 0x60, 0xd6,
            0x93, 0x3f, 0x7a, 0xfc, 0x55, 0x08, 0x10, 0xf6, 0x46, 0x64, 0x97, 0x01, 0xc4, 0x7e,
            0x18, 0x6d, 0x5b, 0x35,
        ],
    ),
    (
        "spl_token_v2_multisig_fix",
        [
            0xc2, 0x42, 0x47, 0x80, 0xbd, 0x67, 0x99, 0x15, 0xf7, 0x8a, 0x1c, 0x2d, 0xbb, 0x79,
            0x78, 0x72, 0x57, 0x8d, 0x17, 0xc3, 0x31, 0x54, 0x76, 0x9b, 0x95, 0x50, 0x53, 0x22,
            0x88, 0x28, 0x61, 0x83,
        ],
    ),
    (
        "no_overflow_rent_distribution",
        [
            0x37, 0xcc, 0xe6, 0x49, 0xe2, 0xfe, 0x41, 0x1d, 0x3a, 0xe6, 0xbc, 0x60, 0x13, 0x4d,
            0x6f, 0xde, 0xfe, 0xa7, 0x6d, 0x00, 0xbf, 0x5c, 0x39, 0x18, 0x30, 0x8f, 0xe0, 0x0c,
            0x54, 0x97, 0x7d, 0x45,
        ],
    ),
    (
        "filter_stake_delegation_accounts",
        [
            0xe2, 0x3b, 0x63, 0x48, 0xdf, 0xee, 0xd8, 0xa6, 0xb1, 0xa0, 0x60, 0x8e, 0x76, 0xaf,
            0x9e, 0xac, 0x8f, 0x04, 0x44, 0xb4, 0xc5, 0x26, 0xcb, 0x0d, 0x0e, 0xaf, 0xf2, 0xa6,
            0x51, 0xbb, 0xd6, 0x5b,
        ],
    ),
    (
        "require_custodian_for_locked_stake_authorize",
        [
            0xb3, 0x41, 0x74, 0x3e, 0x7f, 0x9c, 0xb7, 0x65, 0xa1, 0x86, 0x5b, 0xac, 0x72, 0x3a,
            0x52, 0xcf, 0xbe, 0x72, 0x16, 0xea, 0x00, 0x36, 0xae, 0x50, 0xca, 0x19, 0xe6, 0x37,
            0xfa, 0x7a, 0x7a, 0x4e,
        ],
    ),
    (
        "spl_token_v2_self_transfer_fix",
        [
            0x99, 0x7c, 0x1c, 0x87, 0xf2, 0x9a, 0x94, 0x51, 0x7f, 0x02, 0x2a, 0x51, 0x9c, 0xb9,
            0xee, 0xd4, 0xac, 0xd0, 0x86, 0xdf, 0xad, 0x15, 0xee, 0xce, 0xbb, 0x56, 0x25, 0xd7,
            0x26, 0x2e, 0xf8, 0x28,
        ],
    ),
    (
        "warp_timestamp_again",
        [
            0xec, 0x81, 0xa2, 0x94, 0x94, 0x89, 0xa4, 0xfa, 0xeb, 0xca, 0x4d, 0xb5, 0x9a, 0x5f,
            0x29, 0x03, 0x7b, 0xbb, 0x84, 0x7e, 0x8a, 0x53, 0xfb, 0x72, 0xe2, 0x35, 0x5d, 0xce,
            0xa5, 0xdc, 0x04, 0xb2,
        ],
    ),
    (
        "check_init_vote_data",
        [
            0x26, 0xd6, 0xbf, 0x1a, 0x22, 0x53, 0xab, 0x30, 0xc7, 0xee, 0x40, 0x65, 0x9c, 0xa3,
            0x5d, 0xd9, 0x95, 0x33, 0x6d, 0x11, 0x41, 0x80, 0x06, 0x9c, 0x93, 0xce, 0xf1, 0xf6,
            0xa0, 0x90, 0x19, 0xee,
        ],
    ),
    (
        "secp256k1_recover_syscall_enabled",
        [
            0x50, 0xad, 0x03, 0x00, 0xb1, 0xb2, 0xb8, 0x4a, 0x95, 0x65, 0xa6, 0x37, 0x8b, 0x00,
            0x7a, 0x9b, 0x20, 0xae, 0xd5, 0x18, 0x05, 0xfc, 0xaf, 0x8f, 0xfa, 0x0e, 0x59, 0x87,
            0x5e, 0x6c, 0x15, 0xb5,
        ],
    ),
    (
        "system_transfer_zero_check",
        [
            0xa1, 0x40, 0x32, 0xb0, 0x82, 0x73, 0xf9, 0xe8, 0xbf, 0x3e, 0xb7, 0x3f, 0x14, 0x51,
            0x73, 0x4e, 0xe3, 0x13, 0x42, 0xeb, 0x1f, 0xb7, 0xb8, 0x7f, 0x9b, 0x61, 0x6b, 0xeb,
            0xe3, 0xdb, 0xe9, 0x77,
        ],
    ),
    (
        "blake3_syscall_enabled",
        [
            0xf4, 0x84, 0xea, 0xee, 0xb8, 0xa4, 0x94, 0xe9, 0x28, 0x63, 0x46, 0xac, 0x46, 0x52,
            0xff, 0x97, 0xa2, 0xca, 0x0d, 0x75, 0x29, 0xce, 0x59, 0x81, 0x14, 0x6e, 0x83, 0x07,
            0x1f, 0x14, 0x9d, 0xb2,
        ],
    ),
    (
        "dedupe_config_program_signers",
        [
            0x73, 0x15, 0x7f, 0xdd, 0x92, 0xe0, 0xa1, 0x10, 0xaa, 0xbb, 0x79, 0xc2, 0x61, 0x81,
            0x1e, 0xd2, 0xf7, 0xd5, 0x72, 0x9c, 0x19, 0xd7, 0x3e, 0x17, 0xd0, 0xbb, 0xb0, 0x23,
            0xa7, 0x9d, 0x86, 0xaf,
        ],
    ),
    (
        "verify_tx_signatures_len",
        [
            0xc8, 0x75, 0x24, 0x77, 0x9e, 0x25, 0xeb, 0xc6, 0xc2, 0x06, 0x09, 0x6b, 0xf5, 0x53,
            0xcf, 0x2f, 0x25, 0x71, 0x64, 0x39, 0xad, 0xd0, 0xa4, 0x0d, 0x97, 0xc8, 0xc1, 0x6d,
            0x53, 0x94, 0x30, 0xbd,
        ],
    ),
    (
        "vote_stake_checked_instructions",
        [
            0x9d, 0xad, 0xd7, 0x70, 0x49, 0x9c, 0xa6, 0xfb, 0x4b, 0x28, 0x5d, 0x39, 0x39, 0x90,
            0x51, 0xc6, 0xdc, 0xcf, 0x23, 0x49, 0xea, 0x0d, 0x57, 0x35, 0xe6, 0x4b, 0x0b, 0x8f,
            0x11, 0x2e, 0x5c, 0x6a,
        ],
    ),
    (
        "rent_for_sysvars",
        [
            0x99, 0x3e, 0x31, 0xa6, 0xc4, 0x08, 0xb5, 0xb5, 0x8f, 0xcf, 0x29, 0x40, 0xbb, 0x18,
            0x48, 0xd6, 0xb9, 0x5f, 0xdd, 0x02, 0xf5, 0x82, 0x52, 0x1d, 0x7f, 0x4c, 0x29, 0xb4,
            0xdd, 0x9b, 0x2d, 0x20,
        ],
    ),
    (
        "libsecp256k1_0_5_upgrade_enabled",
        [
            0xbc, 0xc4, 0xa0, 0xbf, 0x2a, 0x1d, 0xff, 0xab, 0xfb, 0x42, 0xa2, 0xef, 0x03, 0xf5,
            0x22, 0x58, 0x81, 0x49, 0xde, 0x86, 0x00, 0xff, 0x86, 0x83, 0xd1, 0x55, 0x96, 0x33,
            0xb8, 0x1b, 0x1e, 0xdc,
        ],
    ),
    (
        "tx_wide_compute_cap",
        [
            0x45, 0x1a, 0x12, 0x50, 0x21, 0xe1, 0x52, 0xa9, 0xef, 0xa5, 0xf0, 0xf1, 0x60, 0xbb,
            0x15, 0x33, 0x4f, 0x3b, 0xc0, 0x13, 0x88, 0x23, 0x17, 0xa3, 0x84, 0x55, 0xf3, 0xd5,
            0x61, 0x09, 0x27, 0xd4,
        ],
    ),
    (
        "spl_token_v2_set_authority_fix",
        [
            0xd6, 0xe1, 0x16, 0xa1, 0x46, 0x5c, 0x88, 0x62, 0xb2, 0x99, 0x24, 0x9c, 0x29, 0xf0,
            0x9d, 0x10, 0x50, 0x27, 0x40, 0xb8, 0xa7, 0x13, 0x6d, 0xde, 0x12, 0xef, 0x53, 0x75,
            0x0e, 0x3a, 0xe7, 0xc2,
        ],
    ),
    (
        "merge_nonce_error_into_system_error",
        [
            0x0e, 0xe6, 0x6e, 0xd3, 0x90, 0x03, 0x83, 0xd5, 0xa5, 0xb2, 0xec, 0xe6, 0xd8, 0xad,
            0xa3, 0x60, 0x5f, 0x4d, 0x2a, 0xb0, 0xdb, 0xab, 0xee, 0x2e, 0x9a, 0x94, 0x66, 0x54,
            0x46, 0xd1, 0x62, 0x36,
        ],
    ),
    (
        "disable_fees_sysvar",
        [
            0xfe, 0xfc, 0xaa, 0xcf, 0xc3, 0xaa, 0x00, 0xff, 0xf5, 0xe9, 0x30, 0x87, 0xf9, 0x49,
            0x49, 0x4b, 0x71, 0x4d, 0xd3, 0x7d, 0x4d, 0xc5, 0xd8, 0x2d, 0x5e, 0xa1, 0xcb, 0xec,
            0x4d, 0xfb, 0x49, 0x93,
        ],
    ),
    (
        "stake_merge_with_unmatched_credits_observed",
        [
            0x0b, 0x6f, 0xdf, 0x75, 0xce, 0xc4, 0x22, 0x6d, 0xdb, 0x7c, 0x88, 0xf7, 0xcd, 0x32,
            0xb5, 0x2f, 0xf4, 0x8f, 0xba, 0x47, 0xce, 0x7a, 0x0a, 0x83, 0xae, 0x0e, 0xfb, 0x11,
            0x03, 0x9a, 0x7e, 0x07,
        ],
    ),
    (
        "zk_token_sdk_enabled",
        [
            0x0e, 0xca, 0xbe, 0x52, 0x62, 0x63, 0x44, 0xd5, 0x41, 0x60, 0x53, 0x0c, 0x35, 0x83,
            0xe3, 0xa4, 0x81, 0x07, 0xdf, 0x19, 0x47, 0xbf, 0xf9, 0x4e, 0x80, 0x6b, 0x53, 0x88,
            0x06, 0x46, 0x9a, 0xdb,
        ],
    ),
    (
        "curve25519_syscall_enabled",
        [
            0x65, 0xdc, 0x35, 0xc6, 0x6f, 0x58, 0x1e, 0x4b, 0x7f, 0x4e, 0xe4, 0x3c, 0x60, 0x48,
            0x03, 0x3f, 0x33, 0x88, 0x72, 0x50, 0x61, 0x81, 0xf7, 0x08, 0x47, 0x16, 0x9a, 0x51,
            0xb9, 0x72, 0xd2, 0xe9,
        ],
    ),
    (
        "versioned_tx_message_enabled",
        [
            0x22, 0x78, 0xa2, 0xf5, 0x73, 0x65, 0xa4, 0x7c, 0x62, 0x3b, 0xfa, 0x86, 0xf3, 0x78,
            0x94, 0xac, 0x71, 0x21, 0xbc, 0x8c, 0x18, 0x53, 0xe7, 0xd5, 0xed, 0xee, 0xda, 0xec,
            0xa7, 0x1f, 0x59, 0xe7,
        ],
    ),
    (
        "libsecp256k1_fail_on_bad_count",
        [
            0x70, 0x98, 0xf0, 0x2f, 0xdb, 0x58, 0x69, 0x1a, 0xba, 0xa2, 0xec, 0x86, 0xb4, 0x8a,
            0xcf, 0x96, 0xea, 0x49, 0x69, 0xd6, 0x97, 0xe7, 0x06, 0xfa, 0x9b, 0x08, 0x12, 0x54,
            0xf9, 0x3e, 0x27, 0x92,
        ],
    ),
    (
        "libsecp256k1_fail_on_bad_count2",
        [
            0x3c, 0x48, 0x08, 0xa9, 0xa9, 0x6b, 0x76, 0x15, 0x09, 0x65, 0x48, 0xc5, 0x3b, 0x5c,
            0x2d, 0x94, 0xac, 0x24, 0xba, 0x3d, 0xe3, 0x96, 0xb4, 0xda, 0x47, 0x43, 0xf0, 0xfe,
            0x52, 0xe3, 0xdb, 0x01,
        ],
    ),
    (
        "instructions_sysvar_owned_by_sysvar",
        [
            0xee, 0x6e, 0xf9, 0xea, 0xd9, 0x55, 0x5c, 0x4b, 0x5b, 0x67, 0xec, 0x20, 0x84, 0x44,
            0xe4, 0xfb, 0x95, 0x77, 0xbc, 0x1e, 0x0e, 0xb2, 0xba, 0x54, 0x3f, 0xe7, 0x19, 0x5e,
            0x90, 0xb3, 0x10, 0x9a,
        ],
    ),
    (
        "stake_program_advance_activating_credits_observed",
        [
            0x06, 0x72, 0x68, 0x6a, 0x60, 0xe5, 0x62, 0xf1, 0x9c, 0x80, 0x56, 0xf7, 0x31, 0x18,
            0x56, 0x52, 0x03, 0x26, 0x9d, 0x1a, 0x9c, 0x5e, 0x42, 0xb7, 0x76, 0x73, 0x32, 0x21,
            0xe7, 0x2c, 0x86, 0xfe,
        ],
    ),
    (
        "credits_auto_rewind",
        [
            0x9b, 0x9b, 0xd1, 0xb9, 0xd4, 0x1e, 0xdd, 0x35, 0x8b, 0xcf, 0x42, 0x55, 0x5f, 0xc4,
            0x5c, 0xd0, 0x84, 0xfb, 0xa8, 0x2c, 0x6a, 0x16, 0xa5, 0x5e, 0x77, 0xb4, 0x86, 0xaf,
            0x50, 0xa4, 0x60, 0xbb,
        ],
    ),
    (
        "demote_program_write_locks",
        [
            0x21, 0x0f, 0x03, 0x96, 0x77, 0x13, 0xbf, 0x30, 0x1d, 0xb3, 0xfc, 0x8a, 0x64, 0xe0,
            0xc6, 0x24, 0x2c, 0xca, 0x69, 0x56, 0x80, 0x86, 0x96, 0x61, 0xfb, 0x6a, 0xe6, 0xba,
            0xd8, 0x02, 0x7a, 0x3d,
        ],
    ),
    (
        "ed25519_program_enabled",
        [
            0x56, 0x8a, 0x46, 0x9d, 0x0c, 0xe9, 0xec, 0xa5, 0xc0, 0x60, 0x9f, 0xa0, 0xf5, 0xe8,
            0xc8, 0xb3, 0xc1, 0xfb, 0xd8, 0xca, 0x84, 0xf9, 0xfa, 0xcd, 0x68, 0xcf, 0xba, 0xf1,
            0xc7, 0x18, 0x57, 0xb4,
        ],
    ),
    (
        "return_data_syscall_enabled",
        [
            0xc0, 0x3e, 0x8f, 0x61, 0x16, 0x40, 0x08, 0xf1, 0xfd, 0xa9, 0x49, 0x58, 0x8a, 0x4a,
            0x53, 0x0c, 0xb0, 0x4b, 0xb1, 0x0b, 0x46, 0xa7, 0x1e, 0x77, 0x15, 0xd5, 0x74, 0xcd,
            0xf2, 0x3d, 0xfc, 0x3c,
        ],
    ),
    (
        "reduce_required_deploy_balance",
        [
            0xc3, 0xe2, 0xb3, 0x5c, 0xd6, 0x3c, 0xbe, 0x92, 0x36, 0xe4, 0xbb, 0x17, 0x1e, 0xd7,
            0x1a, 0x11, 0x85, 0x1d, 0xeb, 0x1f, 0x6e, 0xec, 0x3c, 0x75, 0x98, 0x3c, 0xc1, 0x7d,
            0x3c, 0x1c, 0xf3, 0x3a,
        ],
    ),
    (
        "sol_log_data_syscall_enabled",
        [
            0x57, 0xc2, 0x46, 0x11, 0xf5, 0xd2, 0x02, 0xbd, 0xd6, 0xe0, 0x83, 0x46, 0xe7, 0x7d,
            0xc9, 0x21, 0x47, 0x32, 0x1b, 0x9f, 0xac, 0x5f, 0xf4, 0xf1, 0x68, 0x37, 0x3c, 0x07,
            0x9a, 0xb7, 0x8f, 0xcc,
        ],
    ),
    (
        "stakes_remove_delegation_if_inactive",
        [
            0xf1, 0x86, 0xf8, 0x9c, 0x94, 0xef, 0xd1, 0xfc, 0x05, 0x66, 0x9f, 0x41, 0xf1, 0x9e,
            0x48, 0xa4, 0x47, 0xb6, 0xf8, 0xd1, 0x26, 0xb6, 0x77, 0x7d, 0x87, 0xde, 0x1c, 0x74,
            0xe0, 0x93, 0xff, 0x11,
        ],
    ),
    (
        "do_support_realloc",
        [
            0x5a, 0x5e, 0x4f, 0xf5, 0xe1, 0x44, 0x2a, 0xee, 0xd4, 0xd2, 0xd4, 0x9e, 0x6c, 0x79,
            0x96, 0x42, 0x36, 0xd3, 0x54, 0x59, 0xc0, 0x34, 0x49, 0x13, 0xd5, 0xb6, 0xed, 0xb1,
            0xdd, 0x17, 0x55, 0xc8,
        ],
    ),
    (
        "prevent_calling_precompiles_as_programs",
        [
            0x2f, 0x17, 0x33, 0x1d, 0xb1, 0xc6, 0x48, 0xc5, 0xae, 0xfd, 0x61, 0x48, 0xb0, 0xca,
            0xc9, 0xf0, 0x3e, 0x42, 0xd4, 0x6f, 0x80, 0x44, 0x47, 0x92, 0xda, 0x04, 0x00, 0x72,
            0xd1, 0xe8, 0x0b, 0xaa,
        ],
    ),
    (
        "optimize_epoch_boundary_updates",
        [
            0x10, 0x28, 0xe6, 0xaf, 0xee, 0x77, 0xd2, 0xf1, 0x33, 0x5c, 0x08, 0x51, 0xf2, 0x30,
            0x66, 0x91, 0x71, 0x7e, 0x84, 0x6f, 0x76, 0xa3, 0x94, 0xaf, 0x67, 0xb1, 0x8c, 0x86,
            0xf1, 0x40, 0x4c, 0x40,
        ],
    ),
    (
        "remove_native_loader",
        [
            0xf4, 0x82, 0x43, 0xf9, 0xcd, 0x6a, 0xb8, 0xbd, 0x79, 0xb6, 0x7e, 0x15, 0x77, 0x72,
            0x05, 0xd6, 0xff, 0xb9, 0xef, 0x89, 0xf9, 0x64, 0xc1, 0xdc, 0x8c, 0xdb, 0xc7, 0xc3,
            0x11, 0x03, 0x40, 0x2c,
        ],
    ),
    (
        "send_to_tpu_vote_port",
        [
            0xa4, 0xa2, 0xa0, 0xaf, 0xed, 0x4a, 0x65, 0xa7, 0x9d, 0xa8, 0x3c, 0xf1, 0xc7, 0x77,
            0xe0, 0xd7, 0x25, 0xc6, 0x08, 0x60, 0x7c, 0x5b, 0xbb, 0xe3, 0x12, 0x19, 0xd8, 0x49,
            0xad, 0xbc, 0x86, 0xb4,
        ],
    ),
    (
        "requestable_heap_size",
        [
            0xa6, 0x7c, 0xcf, 0xd5, 0xf5, 0x8e, 0xb2, 0x3a, 0x0c, 0xcc, 0xa6, 0xc3, 0x5b, 0x15,
            0x41, 0x3b, 0x89, 0x47, 0xa2, 0xd7, 0x0e, 0x67, 0x2d, 0x02, 0xa3, 0x2a, 0x6a, 0xf1,
            0x58, 0x9e, 0x6f, 0xa2,
        ],
    ),
    (
        "disable_fee_calculator",
        [
            0x19, 0xc1, 0x13, 0x2c, 0x6a, 0xd5, 0x21, 0x90, 0x8f, 0x76, 0x04, 0xb4, 0xeb, 0x7e,
            0x74, 0xf4, 0xf0, 0x22, 0x7e, 0x6c, 0xe6, 0x35, 0xf2, 0xa9, 0xa9, 0xc7, 0xbb, 0x97,
            0x0e, 0x99, 0xe0, 0x66,
        ],
    ),
    (
        "add_compute_budget_program",
        [
            0x35, 0xd0, 0xac, 0xad, 0xb3, 0x34, 0x81, 0x2b, 0xc2, 0x6f, 0x22, 0x22, 0x73, 0xad,
            0x66, 0x01, 0xbb, 0xc9, 0x5e, 0x9b, 0xa8, 0x4f, 0x17, 0x8f, 0x46, 0x5d, 0xf2, 0x28,
            0xa4, 0x04, 0xf0, 0x6b,
        ],
    ),
    (
        "nonce_must_be_writable",
        [
            0x9f, 0x22, 0xa6, 0x0f, 0x43, 0x25, 0xec, 0x1c, 0x13, 0x1d, 0xfc, 0x40, 0x8a, 0x79,
            0x56, 0xd8, 0x87, 0x16, 0x30, 0x5c, 0xc8, 0xb8, 0xc0, 0x9b, 0x2d, 0x8d, 0xb7, 0x55,
            0x7d, 0x84, 0xc5, 0x7d,
        ],
    ),
    (
        "spl_token_v3_3_0_release",
        [
            0xdd, 0x49, 0x16, 0xe6, 0xf1, 0xc4, 0x8d, 0x4c, 0x6b, 0x98, 0xd4, 0x11, 0xea, 0x18,
            0x15, 0xbc, 0xef, 0x97, 0x90, 0x40, 0x59, 0xd7, 0x3d, 0x5a, 0xb9, 0xe9, 0x9a, 0x22,
            0xf5, 0x12, 0xe8, 0x55,
        ],
    ),
    (
        "leave_nonce_on_success",
        [
            0xc3, 0x0a, 0x76, 0x46, 0x54, 0x06, 0x9e, 0xe7, 0xfd, 0xe2, 0x47, 0xed, 0xe9, 0x44,
            0x6b, 0x05, 0x85, 0xe0, 0x92, 0x21, 0x63, 0x31, 0x88, 0xe4, 0x8c, 0x5a, 0x29, 0x0d,
            0xe6, 0x01, 0x10, 0x33,
        ],
    ),
    (
        "reject_empty_instruction_without_program",
        [
            0x82, 0x0b, 0x2c, 0xb4, 0x44, 0xcd, 0x63, 0x7a, 0x12, 0x05, 0x77, 0x50, 0xa2, 0x72,
            0x55, 0x41, 0x5e, 0x5f, 0x34, 0x66, 0xab, 0xbc, 0x0d, 0x72, 0x6e, 0x1e, 0x2b, 0x78,
            0x5f, 0xec, 0x19, 0xdb,
        ],
    ),
    (
        "fixed_memcpy_nonoverlapping_check",
        [
            0x1f, 0x18, 0xa1, 0x64, 0x25, 0xc5, 0x8b, 0x16, 0x22, 0xe0, 0x41, 0xcf, 0xbe, 0x3b,
            0xbc, 0x24, 0xfe, 0x3b, 0xc5, 0xea, 0x7d, 0xe5, 0x1d, 0x35, 0x34, 0x3c, 0xb6, 0x3d,
            0xe8, 0x32, 0xb4, 0xfc,
        ],
    ),
    (
        "reject_non_rent_exempt_vote_withdraws",
        [
            0x66, 0x75, 0x86, 0xfd, 0xae, 0x10, 0xf0, 0xe4, 0xe7, 0x44, 0x72, 0x25, 0xed, 0x6a,
            0x21, 0xf1, 0xc3, 0x9f, 0x3f, 0xcf, 0x58, 0xf0, 0x54, 0xbc, 0x98, 0x45, 0xbc, 0xf5,
            0x37, 0x15, 0x74, 0x7e,
        ],
    ),
    (
        "evict_invalid_stakes_cache_entries",
        [
            0xc6, 0x69, 0xa1, 0x8d, 0x1d, 0x65, 0x5d, 0xa8, 0x4f, 0x4c, 0x6b, 0x6b, 0x4b, 0xa2,
            0x16, 0x11, 0x68, 0x2b, 0xdf, 0x04, 0x2d, 0xb7, 0x92, 0xe0, 0xbd, 0x76, 0x7c, 0x55,
            0x1a, 0x69, 0xc2, 0xb2,
        ],
    ),
    (
        "allow_votes_to_directly_update_vote_state",
        [
            0xd9, 0xc8, 0x44, 0x04, 0x08, 0x9a, 0xc9, 0x7b, 0x21, 0x9b, 0x5e, 0x12, 0x1b, 0x56,
            0x70, 0xc5, 0xc4, 0xe2, 0x73, 0x67, 0x87, 0x69, 0x92, 0x78, 0x1e, 0xd0, 0xda, 0x67,
            0xc6, 0x2e, 0x6c, 0xf6,
        ],
    ),
    (
        "cap_accounts_data_len",
        [
            0x09, 0x1d, 0x90, 0xf1, 0x7c, 0x23, 0x03, 0x02, 0xed, 0xea, 0x26, 0xcc, 0xf4, 0x7f,
            0xfa, 0xeb, 0xef, 0x7e, 0x27, 0x9f, 0x24, 0x13, 0x11, 0xef, 0x36, 0x3a, 0x3a, 0x45,
            0x04, 0x05, 0xd7, 0x27,
        ],
    ),
    (
        "max_tx_account_locks",
        [
            0xa6, 0x31, 0x3c, 0x36, 0xed, 0x67, 0x8f, 0x7e, 0xef, 0xc9, 0x44, 0x42, 0xce, 0x35,
            0x41, 0x3c, 0x52, 0xba, 0x5b, 0xac, 0x0f, 0x39, 0x32, 0x63, 0x68, 0xae, 0x73, 0xed,
            0x85, 0x07, 0xc1, 0x9b,
        ],
    ),
    (
        "require_rent_exempt_accounts",
        [
            0x9f, 0xa8, 0xed, 0x33, 0x9c, 0x59, 0x8b, 0xf2, 0x53, 0x9b, 0xa2, 0x71, 0x37, 0xcd,
            0x3d, 0xd2, 0x01, 0x2c, 0x35, 0xa5, 0x17, 0x22, 0xc2, 0xec, 0x0e, 0x31, 0xe9, 0xa5,
            0x67, 0xcd, 0xa0, 0xcc,
        ],
    ),
    (
        "filter_votes_outside_slot_hashes",
        [
            0x27, 0xef, 0x52, 0xa3, 0x5a, 0x38, 0xed, 0xff, 0xf1, 0x6f, 0xe8, 0xd3, 0x7a, 0x86,
            0x20, 0x86, 0xce, 0x9e, 0x4c, 0xba, 0xac, 0x9a, 0xc7, 0x23, 0xdb, 0x4b, 0xe2, 0xaa,
            0x59, 0x27, 0x29, 0x0a,
        ],
    ),
    (
        "update_syscall_base_costs",
        [
            0x19, 0x20, 0xa1, 0x02, 0xee, 0xec, 0xad, 0x06, 0xa7, 0x5e, 0x1d, 0xde, 0x0a, 0xcf,
            0xef, 0xd1, 0xdb, 0x39, 0x73, 0x65, 0x8a, 0xa2, 0x8e, 0x23, 0x01, 0x75, 0x83, 0xeb,
            0x6d, 0xb7, 0xa2, 0x3c,
        ],
    ),
    (
        "stake_deactivate_delinquent_instruction",
        [
            0x2d, 0x1d, 0xf6, 0xab, 0xa3, 0x87, 0x99, 0xd7, 0x59, 0x0a, 0x3e, 0x32, 0x5e, 0x95,
            0xd2, 0x09, 0x38, 0xfc, 0xde, 0x62, 0x68, 0x65, 0xe7, 0xd3, 0x6d, 0x58, 0xd3, 0x51,
            0x2f, 0xaa, 0x35, 0x1d,
        ],
    ),
    (
        "stake_redelegate_instruction",
        [
            0x13, 0x8c, 0xc9, 0x8d, 0x70, 0xc1, 0x6f, 0xd5, 0xd7, 0x6b, 0xb7, 0x3b, 0xbe, 0x7d,
            0x24, 0x10, 0xb9, 0x97, 0x59, 0xf3, 0xc7, 0xf6, 0x2d, 0x3e, 0xf1, 0x91, 0x44, 0x64,
            0x85, 0x5b, 0xc4, 0xa3,
        ],
    ),
    (
        "vote_withdraw_authority_may_change_authorized_voter",
        [
            0x8d, 0x0a, 0x1d, 0xa1, 0x3d, 0x86, 0x7a, 0x31, 0x73, 0x4d, 0xc2, 0x6f, 0xbd, 0x80,
            0x15, 0x55, 0x52, 0x82, 0x02, 0xd2, 0x57, 0x22, 0x82, 0x78, 0x99, 0xc6, 0xfe, 0x95,
            0xf3, 0x51, 0x7f, 0x7d,
        ],
    ),
    (
        "spl_associated_token_account_v1_0_4",
        [
            0xd8, 0x95, 0xd3, 0x92, 0x53, 0x47, 0xac, 0x96, 0x6d, 0x66, 0x87, 0x42, 0x26, 0xb1,
            0x5b, 0xa5, 0xa6, 0x9d, 0x36, 0x8c, 0x06, 0xd2, 0x22, 0x9c, 0x5e, 0xe4, 0x57, 0xff,
            0x5d, 0x01, 0x59, 0xc2,
        ],
    ),
    (
        "reject_vote_account_close_unless_zero_credit_epoch",
        [
            0x8a, 0xa3, 0x5d, 0x20, 0x73, 0xe2, 0x79, 0x94, 0x19, 0x3e, 0xf5, 0x2e, 0xad, 0xbf,
            0x80, 0x94, 0xd2, 0x35, 0x09, 0x3a, 0xbb, 0x3f, 0x8b, 0xd7, 0xf6, 0x30, 0x5b, 0x78,
            0x14, 0xda, 0x00, 0xe0,
        ],
    ),
    (
        "add_get_processed_sibling_instruction_syscall",
        [
            0xa7, 0x1b, 0x0d, 0xc3, 0xa8, 0xf3, 0x9e, 0xd8, 0x70, 0xe5, 0xd0, 0xbe, 0xa7, 0xee,
            0x4c, 0x46, 0xe6, 0x0b, 0x12, 0x14, 0x90, 0x14, 0x1b, 0x3c, 0x55, 0x32, 0x1e, 0x07,
            0xc1, 0x10, 0xda, 0xd3,
        ],
    ),
    (
        "bank_transaction_count_fix",
        [
            0x07, 0x60, 0x5e, 0xbb, 0x59, 0x63, 0x27, 0xe2, 0xef, 0x50, 0xf5, 0xc8, 0x99, 0xc3,
            0x09, 0xa6, 0xce, 0xf3, 0x0c, 0x41, 0x7c, 0xc6, 0x8e, 0xe4, 0xf0, 0xfd, 0xbd, 0xd8,
            0x83, 0xfc, 0x60, 0xe5,
        ],
    ),
    (
        "disable_bpf_deprecated_load_instructions",
        [
            0x25, 0x93, 0x52, 0x9b, 0xc1, 0x85, 0x23, 0xf0, 0x0b, 0xe7, 0x62, 0x26, 0xce, 0x45,
            0xc6, 0x2e, 0xcf, 0x5f, 0x8c, 0xf8, 0x25, 0x10, 0x00, 0xae, 0xbf, 0x40, 0xbe, 0xd7,
            0x81, 0x5b, 0x8a, 0x29,
        ],
    ),
    (
        "disable_bpf_unresolved_symbols_at_runtime",
        [
            0x3b, 0x27, 0x09, 0x56, 0xe4, 0x2a, 0x76, 0xf1, 0x7a, 0xbd, 0xf9, 0x24, 0x8a, 0x04,
            0xe7, 0xff, 0x6b, 0x3c, 0x1d, 0x0d, 0xa0, 0x75, 0xc1, 0x8c, 0x62, 0x42, 0x4e, 0x25,
            0xbd, 0x62, 0x6b, 0x47,
        ],
    ),
    (
        "record_instruction_in_transaction_context_push",
        [
            0x26, 0x3f, 0x79, 0xed, 0xbf, 0x52, 0xf4, 0xbf, 0x46, 0x8e, 0x6a, 0xfa, 0xc1, 0xd9,
            0xe2, 0x56, 0x9e, 0x5b, 0x68, 0x8d, 0x9a, 0xbf, 0x3d, 0xaf, 0x55, 0xd8, 0x5d, 0x34,
            0xbb, 0x4d, 0xd0, 0xd2,
        ],
    ),
    (
        "syscall_saturated_math",
        [
            0xfc, 0x4b, 0x96, 0xf7, 0x1d, 0xbd, 0x05, 0xe5, 0x16, 0xa8, 0x69, 0xd1, 0xb5, 0xfe,
            0x2f, 0xff, 0x89, 0x07, 0x77, 0x53, 0xc4, 0xe8, 0xaf, 0xc0, 0x7e, 0x30, 0x12, 0x7a,
            0x35, 0x09, 0x4b, 0x57,
        ],
    ),
    (
        "check_physical_overlapping",
        [
            0x0b, 0xa8, 0x23, 0x5d, 0x64, 0x8c, 0x28, 0x80, 0xec, 0x2d, 0xf5, 0x0a, 0x24, 0xaf,
            0xfa, 0x9f, 0xdf, 0xa8, 0x89, 0x04, 0x0c, 0xaf, 0x8c, 0x03, 0xcd, 0x21, 0xfe, 0x9e,
            0x66, 0x53, 0xa2, 0xec,
        ],
    ),
    (
        "limit_secp256k1_recovery_id",
        [
            0x63, 0x2d, 0x14, 0xe1, 0x8f, 0xb7, 0x9a, 0x49, 0xfc, 0x41, 0xbc, 0x56, 0xfe, 0xed,
            0xac, 0xc0, 0xa1, 0xcd, 0x00, 0x95, 0x52, 0x83, 0x9a, 0x6f, 0xb0, 0x62, 0x8f, 0xc7,
            0x11, 0x1d, 0xaa, 0x75,
        ],
    ),
    (
        "disable_deprecated_loader",
        [
            0xe5, 0xa7, 0x53, 0xe4, 0xca, 0xd6, 0x43, 0x9f, 0x64, 0x39, 0x5a, 0xd3, 0xc1, 0x4d,
            0x38, 0xe2, 0x1d, 0xc7, 0x04, 0xf1, 0xe7, 0xd8, 0x80, 0xf4, 0x0a, 0xbc, 0x86, 0x38,
            0x5b, 0xf8, 0x24, 0x5b,
        ],
    ),
    (
        "check_slice_translation_size",
        [
            0xea, 0x31, 0x4c, 0xd7, 0xc6, 0x76, 0x2f, 0x56, 0x21, 0x37, 0x60, 0xc0, 0x95, 0x4d,
            0xc6, 0x55, 0x29, 0x76, 0x96, 0x73, 0xc2, 0x70, 0x2a, 0x55, 0xc7, 0x47, 0x46, 0x59,
            0xf0, 0x69, 0xc8, 0xfc,
        ],
    ),
    (
        "stake_split_uses_rent_sysvar",
        [
            0xd6, 0x1b, 0x8a, 0xaf, 0x1d, 0xe7, 0x0a, 0xf7, 0x21, 0x06, 0xb5, 0x2b, 0x4b, 0x9b,
            0x69, 0xfd, 0x8d, 0x3b, 0x8a, 0x04, 0x45, 0xc3, 0xeb, 0xfc, 0x94, 0x08, 0x8a, 0xa2,
            0xa4, 0xc7, 0x91, 0xa6,
        ],
    ),
    (
        "add_get_minimum_delegation_instruction_to_stake_program",
        [
            0x06, 0xa1, 0x56, 0x4a, 0xbf, 0x71, 0x63, 0x7f, 0x4a, 0x66, 0x67, 0x62, 0x89, 0x18,
            0x9b, 0xd0, 0x9e, 0x04, 0x9b, 0x64, 0x09, 0xb6, 0xf0, 0x8a, 0x44, 0xd1, 0xf7, 0x57,
            0xe6, 0x33, 0x38, 0xea,
        ],
    ),
    (
        "error_on_syscall_bpf_function_hash_collisions",
        [
            0x68, 0x0b, 0x04, 0x8f, 0x62, 0x8e, 0xa5, 0x3c, 0x7f, 0xfa, 0x04, 0x93, 0xa4, 0xd2,
            0x90, 0xa0, 0xba, 0xc9, 0xbe, 0xa5, 0x4a, 0x03, 0xa8, 0x63, 0x01, 0xd7, 0xea, 0x4f,
            0xa7, 0x0c, 0x9e, 0xdc,
        ],
    ),
    (
        "reject_callx_r10",
        [
            0x23, 0x2d, 0x66, 0x6d, 0x5c, 0x7d, 0x78, 0x7e, 0xf9, 0x05, 0x90, 0x7b, 0x5c, 0x5b,
            0xfe, 0x99, 0xd2, 0x8a, 0x96, 0xc4, 0x37, 0xaa, 0x40, 0x2a, 0x06, 0x26, 0x72, 0x4e,
            0xdd, 0x3c, 0x7a, 0x10,
        ],
    ),
    (
        "drop_redundant_turbine_path",
        [
            0x2f, 0xd4, 0x72, 0x78, 0xb4, 0x96, 0xc4, 0xff, 0x58, 0x4b, 0x74, 0x4b, 0xfc, 0xec,
            0x33, 0x90, 0x63, 0xd1, 0x91, 0xe8, 0xd1, 0xa7, 0xad, 0x65, 0xd2, 0xe2, 0x5d, 0xb1,
            0x03, 0x6f, 0xd7, 0x8f,
        ],
    ),
    (
        "executables_incur_cpi_data_cost",
        [
            0x5d, 0x1d, 0x0e, 0x3f, 0xf1, 0x9b, 0xf2, 0x2b, 0x12, 0x4f, 0x82, 0xca, 0xb7, 0x35,
            0x84, 0x0f, 0x1f, 0x05, 0xfe, 0x3e, 0x75, 0x6d, 0x54, 0x84, 0x0a, 0x12, 0xc4, 0xa2,
            0xb8, 0x85, 0x18, 0x7e,
        ],
    ),
    (
        "fix_recent_blockhashes",
        [
            0x55, 0x0b, 0x57, 0x3f, 0x7d, 0x0a, 0x3a, 0x07, 0xc2, 0x58, 0x63, 0xc5, 0xbc, 0xda,
            0x43, 0x2c, 0x02, 0xa0, 0x84, 0x0b, 0x1e, 0x1a, 0x2d, 0xc5, 0x91, 0x1f, 0xa4, 0xe2,
            0xb8, 0x7e, 0x19, 0xda,
        ],
    ),
    (
        "update_rewards_from_cached_accounts",
        [
            0x10, 0xdf, 0x6b, 0x25, 0x2c, 0xe0, 0x6a, 0x4d, 0x0d, 0x81, 0x8a, 0xa7, 0xe1, 0x32,
            0x72, 0x78, 0x30, 0x7b, 0x44, 0x13, 0x29, 0x55, 0xff, 0x2c, 0x79, 0xa2, 0xca, 0x9d,
            0xd3, 0x20, 0xf3, 0x08,
        ],
    ),
    (
        "spl_token_v3_4_0",
        [
            0xdd, 0x49, 0x17, 0x14, 0x26, 0x0f, 0xf1, 0xe8, 0xa1, 0x87, 0xe0, 0x3b, 0x4b, 0x80,
            0x5d, 0xde, 0xd4, 0x52, 0xd3, 0x90, 0x4e, 0x14, 0x4c, 0xa2, 0xc5, 0x99, 0x39, 0x3f,
            0x15, 0xf2, 0x37, 0x85,
        ],
    ),
    (
        "spl_associated_token_account_v1_1_0",
        [
            0xd8, 0x95, 0xd3, 0x48, 0xf8, 0xc5, 0x2a, 0xe0, 0x2d, 0x94, 0xe2, 0xa0, 0xb7, 0x01,
            0xe6, 0xc8, 0x08, 0x15, 0xce, 0x93, 0x17, 0x76, 0x53, 0xa5, 0x4a, 0x7f, 0x1d, 0xc3,
            0x19, 0xe2, 0xfc, 0x7b,
        ],
    ),
    (
        "default_units_per_instruction",
        [
            0xfc, 0xf2, 0xfa, 0x30, 0x04, 0x5d, 0x28, 0x7b, 0x6c, 0xdc, 0x72, 0xa5, 0x33, 0xff,
            0xa4, 0x48, 0x5f, 0xe4, 0x00, 0x16, 0x31, 0x6c, 0x9a, 0x57, 0x33, 0x61, 0xcf, 0x2e,
            0x29, 0x8d, 0xbe, 0x57,
        ],
    ),
    (
        "stake_allow_zero_undelegated_amount",
        [
            0x0c, 0xec, 0xcf, 0x0f, 0x3b, 0x1d, 0xee, 0xf3, 0xfc, 0xd1, 0xac, 0x00, 0xdc, 0x3f,
            0x98, 0x31, 0xae, 0x6b, 0xa7, 0x87, 0x16, 0x47, 0x94, 0xa5, 0x77, 0xba, 0x87, 0x40,
            0xf3, 0x28, 0x84, 0x16,
        ],
    ),
    (
        "require_static_program_ids_in_transaction",
        [
            0x6b, 0xc1, 0xb6, 0x17, 0xc3, 0xb9, 0x0f, 0xfc, 0xe7, 0x7d, 0x80, 0xcb, 0x58, 0x53,
            0x93, 0xc8, 0xc5, 0x81, 0xd1, 0xbf, 0x89, 0xb2, 0xc7, 0x16, 0x31, 0x03, 0xc3, 0x63,
            0x2f, 0x02, 0xab, 0x89,
        ],
    ),
    (
        "stake_raise_minimum_delegation_to_1_sol",
        [
            0x82, 0xd9, 0xad, 0xdb, 0xe7, 0x11, 0x20, 0x56, 0x59, 0xa5, 0xb1, 0x4a, 0xfe, 0xf6,
            0x66, 0x04, 0x74, 0x73, 0x6a, 0x49, 0x2c, 0x1d, 0x3a, 0xa0, 0x92, 0x59, 0x3d, 0x03,
            0x5c, 0xa8, 0x16, 0x39,
        ],
    ),
    (
        "stake_minimum_delegation_for_rewards",
        [
            0x05, 0x4e, 0xdd, 0xc8, 0x7d, 0x10, 0x7d, 0x4d, 0x65, 0x06, 0x36, 0xbb, 0x7e, 0x5e,
            0xfb, 0x25, 0xa3, 0x04, 0x98, 0x22, 0x4e, 0xb5, 0x28, 0x1a, 0x44, 0x36, 0xa9, 0x4c,
            0xc9, 0x97, 0x68, 0x10,
        ],
    ),
    (
        "add_set_compute_unit_price_ix",
        [
            0x78, 0xe2, 0x1a, 0x43, 0xc1, 0x90, 0x64, 0x60, 0x36, 0x9e, 0x01, 0x54, 0xad, 0x41,
            0x14, 0x72, 0x2f, 0x6b, 0x2a, 0x43, 0xe7, 0x9b, 0x9a, 0x61, 0xcb, 0x4b, 0x37, 0xa1,
            0x0c, 0x7f, 0x4b, 0xd1,
        ],
    ),
    (
        "disable_deploy_of_alloc_free_syscall",
        [
            0x5b, 0x45, 0x71, 0x0e, 0x10, 0xc2, 0x51, 0xd1, 0xa1, 0x7a, 0xb4, 0x60, 0x29, 0x22,
            0x23, 0x9c, 0x36, 0x0c, 0xb7, 0x5a, 0xd9, 0x63, 0x42, 0x25, 0x23, 0x74, 0xd9, 0xdc,
            0x01, 0xaa, 0x52, 0x3a,
        ],
    ),
    (
        "include_account_index_in_rent_error",
        [
            0x15, 0x08, 0x72, 0xd0, 0x0b, 0x30, 0xdc, 0x2f, 0x0a, 0xe0, 0x27, 0x5b, 0x00, 0xb9,
            0x34, 0x35, 0x76, 0xf1, 0x2e, 0xe5, 0x53, 0x23, 0x9e, 0xf1, 0x7e, 0x55, 0xe1, 0xbd,
            0x4a, 0x1e, 0x56, 0x23,
        ],
    ),
    (
        "add_shred_type_to_shred_seed",
        [
            0xbf, 0x23, 0x52, 0x59, 0xab, 0x2e, 0x5c, 0x5a, 0x43, 0xb4, 0x18, 0xdc, 0x05, 0x95,
            0x16, 0xa5, 0xc8, 0x3d, 0xa3, 0x9e, 0x9e, 0x88, 0xca, 0x6d, 0x8e, 0xc7, 0x1c, 0x40,
            0x7c, 0x3d, 0x5c, 0x73,
        ],
    ),
    (
        "warp_timestamp_with_a_vengeance",
        [
            0x20, 0x69, 0x35, 0x80, 0x69, 0xe5, 0xa7, 0xdd, 0xf5, 0x01, 0xa4, 0xd3, 0x37, 0x7f,
            0xa7, 0xa6, 0x8a, 0xe9, 0x93, 0xe6, 0x74, 0x0b, 0x8d, 0xfd, 0x06, 0xfe, 0x26, 0xb0,
            0x9e, 0xf4, 0x76, 0xd9,
        ],
    ),
    (
        "separate_nonce_from_blockhash",
        [
            0xe8, 0x7f, 0x28, 0x34, 0x34, 0x97, 0x58, 0xc3, 0xd5, 0x36, 0xdd, 0x4f, 0x3c, 0xf7,
            0xd8, 0x91, 0x44, 0x51, 0x30, 0x6d, 0x32, 0x78, 0x42, 0x21, 0x40, 0x11, 0xb5, 0xd4,
            0x8b, 0xf0, 0xe5, 0xfb,
        ],
    ),
    (
        "enable_durable_nonce",
        [
            0x2f, 0xfb, 0x4c, 0x82, 0x5c, 0x65, 0x10, 0xe2, 0x50, 0x4f, 0x90, 0x65, 0x48, 0x8d,
            0xe2, 0x2b, 0x09, 0x14, 0x62, 0x13, 0xc9, 0x6e, 0x14, 0x9c, 0x7b, 0xce, 0x06, 0x85,
            0x91, 0xf9, 0x90, 0xbc,
        ],
    ),
    (
        "vote_state_update_credit_per_dequeue",
        [
            0xb1, 0x2e, 0xea, 0x6e, 0xdc, 0x3b, 0xcc, 0xc3, 0xcd, 0x65, 0x39, 0xa6, 0xbc, 0x49,
            0x71, 0x55, 0xd7, 0x36, 0xc5, 0xa3, 0xc2, 0xd9, 0x2f, 0x0d, 0x60, 0x9d, 0xcd, 0x37,
            0xa5, 0x25, 0x32, 0x3b,
        ],
    ),
    (
        "quick_bail_on_panic",
        [
            0xbe, 0x6a, 0x3c, 0x48, 0xaf, 0xd3, 0x58, 0x27, 0xf9, 0x55, 0x7f, 0x90, 0x79, 0xad,
            0xad, 0x74, 0x63, 0x47, 0x6f, 0x89, 0xe2, 0xd9, 0x43, 0x3a, 0xfb, 0x7f, 0x55, 0x53,
            0xdc, 0xfc, 0x44, 0x1c,
        ],
    ),
    (
        "nonce_must_be_authorized",
        [
            0xfc, 0x09, 0x9c, 0x57, 0xb1, 0x71, 0xe5, 0xb0, 0x13, 0x0d, 0xe7, 0xa4, 0x9b, 0x54,
            0x05, 0x3b, 0x8a, 0x0a, 0x7f, 0x93, 0xdb, 0xcc, 0x8f, 0x9f, 0x25, 0x7e, 0x27, 0xaf,
            0xc1, 0xff, 0x7d, 0xc3,
        ],
    ),
    (
        "nonce_must_be_advanceable",
        [
            0x2b, 0x0c, 0x1b, 0x75, 0x79, 0x07, 0x5d, 0xcb, 0x30, 0xc4, 0xca, 0x00, 0x3c, 0x94,
            0xa9, 0x5f, 0x14, 0xd9, 0x92, 0x5d, 0x87, 0xce, 0xba, 0x7e, 0x1f, 0xd5, 0xde, 0xb0,
            0xe0, 0x90, 0x50, 0x34,
        ],
    ),
    (
        "vote_authorize_with_seed",
        [
            0x57, 0x77, 0x45, 0x01, 0x4d, 0x65, 0x95, 0x57, 0x36, 0xf5, 0x6c, 0xdb, 0x68, 0x88,
            0x1a, 0x5f, 0x8a, 0x3e, 0xa7, 0xbb, 0xd2, 0xfb, 0x18, 0x68, 0x7f, 0xd8, 0xfc, 0xdd,
            0x9b, 0xf2, 0x18, 0xb8,
        ],
    ),
    (
        "cap_accounts_data_size_per_block",
        [
            0x0c, 0x8c, 0x43, 0xcc, 0xfb, 0xd3, 0x99, 0x67, 0xa0, 0x32, 0x30, 0xa0, 0x84, 0x7b,
            0xfb, 0x91, 0xed, 0xe2, 0x57, 0x36, 0xcb, 0xaf, 0xc0, 0x6a, 0x1c, 0x7a, 0x87, 0x88,
            0xf5, 0x81, 0xbb, 0x39,
        ],
    ),
    (
        "preserve_rent_epoch_for_rent_exempt_accounts",
        [
            0xf1, 0xd6, 0xf1, 0xbf, 0x8e, 0x54, 0x39, 0x44, 0x3d, 0x29, 0x52, 0xb0, 0xc4, 0x04,
            0x6d, 0xf4, 0x2f, 0x03, 0xeb, 0x95, 0xc3, 0x13, 0xbc, 0xad, 0x6c, 0x1b, 0x91, 0x0d,
            0xe3, 0xbd, 0x7c, 0x82,
        ],
    ),
    (
        "enable_bpf_loader_extend_program_ix",
        [
            0x70, 0x6d, 0x18, 0x65, 0x6d, 0x4b, 0x39, 0xe5, 0xf1, 0xf0, 0x6a, 0xaf, 0x74, 0xd6,
            0x4c, 0xc4, 0x75, 0xf9, 0x46, 0x4d, 0x36, 0x80, 0x64, 0xf1, 0x47, 0x00, 0xe9, 0xf2,
            0x4e, 0x8b, 0x12, 0x2d,
        ],
    ),
    (
        "enable_early_verification_of_account_modifications",
        [
            0x60, 0x7a, 0xb1, 0x3a, 0x4e, 0x8d, 0x68, 0x8f, 0x13, 0xba, 0xcf, 0xd0, 0x61, 0xb5,
            0x93, 0x07, 0x83, 0xc6, 0x06, 0x3d, 0x78, 0xe8, 0x67, 0x55, 0x90, 0xa3, 0x62, 0xb6,
            0xce, 0x26, 0xd6, 0x75,
        ],
    ),
    (
        "skip_rent_rewrites",
        [
            0xa7, 0x53, 0x9b, 0xed, 0x5c, 0xc7, 0x64, 0xe3, 0x4e, 0x5c, 0xb0, 0x51, 0xc9, 0x19,
            0xbf, 0x17, 0xbe, 0x92, 0xb8, 0x8b, 0x5a, 0x37, 0x6e, 0xd2, 0x33, 0xa0, 0xbe, 0x6b,
            0x31, 0xa2, 0x5a, 0x1c,
        ],
    ),
    (
        "prevent_crediting_accounts_that_end_rent_paying",
        [
            0x68, 0x03, 0xcb, 0x34, 0xee, 0x14, 0xb9, 0x41, 0xe4, 0x82, 0x55, 0xaa, 0xae, 0x45,
            0x50, 0x80, 0x27, 0x51, 0x46, 0x7f, 0xc4, 0x71, 0xf3, 0x5a, 0xf3, 0x82, 0x49, 0xe4,
            0xe9, 0xfb, 0xb2, 0x55,
        ],
    ),
    (
        "cap_bpf_program_instruction_accounts",
        [
            0x81, 0xe6, 0xce, 0x87, 0x8e, 0x3a, 0xa7, 0x14, 0x8e, 0x5f, 0x37, 0x82, 0xa7, 0x85,
            0xe7, 0x8d, 0xa9, 0x14, 0x59, 0x07, 0xf5, 0x22, 0xf7, 0x8d, 0xd4, 0xa6, 0x46, 0x9f,
            0x82, 0xfa, 0xec, 0x58,
        ],
    ),
    (
        "loosen_cpi_size_restriction",
        [
            0xe2, 0x04, 0x73, 0xa5, 0xa7, 0x6f, 0x1e, 0xe2, 0x8a, 0xb6, 0x64, 0xde, 0x46, 0xec,
            0x20, 0x34, 0xdf, 0xdf, 0x68, 0xf9, 0xe7, 0x11, 0x5c, 0x2c, 0xe1, 0x6a, 0xa6, 0x27,
            0x91, 0xec, 0x3d, 0xda,
        ],
    ),
    (
        "use_default_units_in_fee_calculation",
        [
            0x74, 0xe5, 0xaa, 0xa4, 0x92, 0x70, 0x1e, 0x6d, 0xdb, 0xdf, 0x4d, 0x06, 0xd3, 0x76,
            0x96, 0x33, 0x65, 0x34, 0xbb, 0x39, 0x35, 0x04, 0x40, 0xed, 0x47, 0xc9, 0x90, 0x52,
            0xd6, 0xcc, 0xed, 0x36,
        ],
    ),
    (
        "compact_vote_state_updates",
        [
            0x69, 0x5c, 0xba, 0x36, 0x37, 0x83, 0xa5, 0x2c, 0x1b, 0xb5, 0x28, 0x3d, 0x3b, 0xc4,
            0x4b, 0xc6, 0x19, 0xb6, 0xb5, 0x14, 0x1e, 0x14, 0xa7, 0x6a, 0xf1, 0xf6, 0xb8, 0xb5,
            0x96, 0xef, 0xc8, 0x69,
        ],
    ),
    (
        "incremental_snapshot_only_incremental_hash_calculation",
        [
            0x10, 0x1e, 0xe3, 0xe6, 0xb1, 0x43, 0x55, 0x85, 0x09, 0x0f, 0xe0, 0x6c, 0xb6, 0xa5,
            0x1e, 0xe8, 0x32, 0x49, 0x2a, 0xec, 0x96, 0x74, 0xe0, 0x9a, 0x96, 0xc7, 0x86, 0xc8,
            0x80, 0x69, 0x5f, 0x8c,
        ],
    ),
    (
        "disable_cpi_setting_executable_and_rent_epoch",
        [
            0x96, 0xc9, 0xcb, 0xaa, 0x07, 0x49, 0x4b, 0x20, 0x79, 0x14, 0xfa, 0xee, 0xb2, 0x59,
            0xe0, 0x0f, 0xdc, 0x79, 0xca, 0x7d, 0xba, 0x69, 0xb2, 0x5b, 0x1a, 0xe8, 0x15, 0xd8,
            0x6e, 0x90, 0xfa, 0xc8,
        ],
    ),
    (
        "on_load_preserve_rent_epoch_for_rent_exempt_accounts",
        [
            0xaf, 0xac, 0x2f, 0x2c, 0xdb, 0xbe, 0xf1, 0x80, 0x0b, 0x83, 0x1b, 0x72, 0xcd, 0x82,
            0x2a, 0x2a, 0xc2, 0x80, 0x87, 0x59, 0x79, 0xca, 0xd3, 0xc1, 0x87, 0x07, 0xe9, 0x67,
            0x10, 0x2f, 0x32, 0x1a,
        ],
    ),
    (
        "account_hash_ignore_slot",
        [
            0x06, 0x88, 0x0e, 0xd2, 0xd7, 0xba, 0x96, 0x67, 0x8f, 0x11, 0x2c, 0x91, 0x03, 0x77,
            0xb7, 0xc9, 0xc5, 0xd4, 0x04, 0x96, 0xe4, 0xb7, 0x4c, 0x8f, 0x64, 0xfb, 0x77, 0x3f,
            0x84, 0xd6, 0x12, 0xe4,
        ],
    ),
    (
        "set_exempt_rent_epoch_max",
        [
            0x49, 0x4e, 0x98, 0x21, 0x34, 0x4b, 0x72, 0xe0, 0x04, 0xd2, 0x66, 0xa2, 0x2e, 0xf9,
            0xfb, 0x20, 0xbd, 0xba, 0x5a, 0xad, 0xec, 0xe7, 0xf6, 0xbc, 0x0a, 0x93, 0xe4, 0xd1,
            0x83, 0xe0, 0xfd, 0x8f,
        ],
    ),
    (
        "relax_authority_signer_check_for_lookup_table_creation",
        [
            0xd4, 0xaa, 0xef, 0x53, 0x4b, 0x5a, 0xa1, 0xad, 0x90, 0xf8, 0x49, 0xb9, 0x13, 0x45,
            0x25, 0x3c, 0x4c, 0x39, 0x46, 0x28, 0xb4, 0xb6, 0xb4, 0xfa, 0x41, 0x0d, 0xb5, 0x1e,
            0xa1, 0x4f, 0xa8, 0xf5,
        ],
    ),
    (
        "stop_sibling_instruction_search_at_parent",
        [
            0xc9, 0x39, 0x83, 0xfd, 0x35, 0x0d, 0xfd, 0x41, 0xbe, 0x29, 0x91, 0x43, 0x10, 0x56,
            0xfc, 0x45, 0xcf, 0x1b, 0x83, 0x50, 0x1d, 0x26, 0x21, 0x7f, 0xf5, 0x55, 0x94, 0xc1,
            0xee, 0xd6, 0xb1, 0xf0,
        ],
    ),
    (
        "vote_state_update_root_fix",
        [
            0xe0, 0x6c, 0x63, 0xf3, 0x55, 0x30, 0xb0, 0x91, 0xaf, 0xff, 0x39, 0x26, 0x67, 0xcb,
            0x54, 0x16, 0x02, 0x4b, 0x9a, 0xc7, 0x1b, 0x61, 0xb8, 0x99, 0xc6, 0x41, 0x30, 0xe4,
            0xc1, 0x0b, 0xac, 0x79,
        ],
    ),
    (
        "cap_accounts_data_allocations_per_transaction",
        [
            0x81, 0x1a, 0x5a, 0x0d, 0xf1, 0x24, 0x2c, 0x5b, 0xa0, 0x2a, 0x65, 0x74, 0xdb, 0x64,
            0x82, 0xa1, 0x77, 0x98, 0x85, 0x5e, 0x4a, 0xb0, 0xe6, 0x08, 0xb4, 0xf7, 0x34, 0x9e,
            0xc4, 0x67, 0x31, 0x52,
        ],
    ),
    (
        "epoch_accounts_hash",
        [
            0x3f, 0x7c, 0x76, 0xbc, 0xf9, 0xca, 0x28, 0x17, 0x4a, 0x5a, 0xf1, 0x64, 0x71, 0x2e,
            0xb4, 0x6e, 0x29, 0x48, 0x29, 0x2b, 0x19, 0x68, 0x8e, 0xf9, 0xad, 0x5a, 0x19, 0x23,
            0x25, 0x12, 0x11, 0x99,
        ],
    ),
    (
        "remove_deprecated_request_unit_ix",
        [
            0xcb, 0x11, 0xd8, 0x6b, 0x52, 0xd0, 0x9b, 0x81, 0xe7, 0xb7, 0x56, 0x74, 0xa6, 0x36,
            0x72, 0x31, 0x4d, 0x5f, 0xb9, 0x6e, 0x6e, 0x87, 0x1a, 0x6f, 0x7a, 0x87, 0x4a, 0x89,
            0xfc, 0x31, 0xd4, 0x27,
        ],
    ),
    (
        "disable_rehash_for_rent_epoch",
        [
            0xb9, 0x15, 0x86, 0x82, 0xd3, 0x57, 0x8a, 0x0d, 0xd0, 0xe3, 0x80, 0x58, 0x5a, 0x23,
            0x9f, 0x0a, 0x62, 0x00, 0xe7, 0xf3, 0x10, 0xc5, 0x21, 0x6c, 0xd8, 0xc7, 0x7f, 0xb2,
            0xf1, 0x94, 0x76, 0x96,
        ],
    ),
    (
        "increase_tx_account_lock_limit",
        [
            0x7b, 0xe0, 0x6c, 0xe7, 0xf5, 0xe5, 0x27, 0xb5, 0x80, 0x17, 0x6a, 0xe2, 0x84, 0xd5,
            0xd4, 0x17, 0xd6, 0xf8, 0x87, 0xbc, 0x4b, 0xbe, 0xb7, 0x45, 0x50, 0xeb, 0x91, 0x07,
            0x48, 0x35, 0xe0, 0x12,
        ],
    ),
    (
        "limit_max_instruction_trace_length",
        [
            0xe4, 0xce, 0x36, 0xa5, 0xa6, 0x94, 0xc1, 0x2a, 0x9b, 0x4b, 0x9d, 0x19, 0x3e, 0x5e,
            0x55, 0x67, 0x17, 0x67, 0x77, 0x8d, 0x3e, 0xe2, 0xea, 0x29, 0xe0, 0xa4, 0x04, 0xed,
            0x88, 0x25, 0x26, 0xf7,
        ],
    ),
    (
        "check_syscall_outputs_do_not_overlap",
        [
            0x2b, 0x25, 0x44, 0x20, 0xcb, 0x2b, 0x86, 0xa6, 0xf2, 0x48, 0x28, 0x8b, 0xc6, 0x3a,
            0xc5, 0xd1, 0x38, 0x59, 0x45, 0xf3, 0xb3, 0x68, 0xcc, 0xe9, 0x1b, 0x2e, 0x60, 0x59,
            0x61, 0xd1, 0x78, 0xc2,
        ],
    ),
    (
        "enable_bpf_loader_set_authority_checked_ix",
        [
            0x49, 0x88, 0x17, 0x26, 0xf7, 0x23, 0x43, 0x9f, 0xb0, 0xa3, 0xf3, 0x59, 0xda, 0xeb,
            0xa1, 0x8a, 0x3a, 0x8e, 0xd1, 0xf7, 0x0c, 0x15, 0x1b, 0x1d, 0xa4, 0x92, 0xb1, 0x6e,
            0xfa, 0xe0, 0xfc, 0x09,
        ],
    ),
    (
        "enable_alt_bn128_syscall",
        [
            0x85, 0xbf, 0xc5, 0xb6, 0xde, 0x1e, 0xef, 0xaa, 0xa4, 0x86, 0xcc, 0x6c, 0x6a, 0x80,
            0xda, 0xed, 0x94, 0x7b, 0x18, 0xac, 0x7f, 0x7c, 0xc2, 0x5d, 0xf9, 0x58, 0x4a, 0x86,
            0x98, 0xb3, 0xff, 0x7b,
        ],
    ),
    (
        "enable_program_redeployment_cooldown",
        [
            0xfd, 0x6d, 0xcb, 0x0b, 0xa2, 0x88, 0x5c, 0x79, 0xeb, 0x88, 0x3d, 0x86, 0xf2, 0xe6,
            0x33, 0x89, 0x5a, 0x3d, 0x23, 0x69, 0x38, 0x9b, 0x1f, 0xa6, 0xad, 0xb4, 0x94, 0xe2,
            0x3e, 0xe0, 0x54, 0x84,
        ],
    ),
    (
        "commission_updates_only_allowed_in_first_half_of_epoch",
        [
            0x0b, 0xbb, 0xa2, 0x5c, 0x08, 0xb9, 0x8e, 0x8a, 0xbc, 0xe8, 0xb4, 0x63, 0x97, 0x94,
            0x37, 0x88, 0xf2, 0xa6, 0xa0, 0x91, 0x29, 0xf3, 0xc1, 0x8b, 0x35, 0x49, 0x07, 0x6a,
            0x1d, 0x5f, 0x63, 0x33,
        ],
    ),
    (
        "enable_turbine_fanout_experiments",
        [
            0xb2, 0xcf, 0xa9, 0xc3, 0x4d, 0xe4, 0xe6, 0x33, 0x25, 0x4b, 0x10, 0xed, 0xcc, 0xb9,
            0xf3, 0x06, 0xbe, 0x3b, 0x9a, 0xdb, 0x9c, 0xed, 0xc0, 0x5b, 0xa2, 0x9f, 0xda, 0x85,
            0x71, 0xb5, 0xae, 0x99,
        ],
    ),
    (
        "disable_turbine_fanout_experiments",
        [
            0x0d, 0x4c, 0x62, 0x81, 0xbc, 0x9a, 0xbb, 0x74, 0xd1, 0x32, 0xac, 0x16, 0x8e, 0xd0,
            0x61, 0x9b, 0xb6, 0x1f, 0x0b, 0xdb, 0xaa, 0xa9, 0xa4, 0xd9, 0x55, 0xc7, 0xe5, 0xa1,
            0x8d, 0xeb, 0x2b, 0x73,
        ],
    ),
    (
        "drop_merkle_shreds",
        [
            0x69, 0x08, 0x18, 0x1d, 0x4f, 0xdb, 0x4a, 0x78, 0x97, 0x2f, 0x1b, 0x4f, 0x94, 0xdf,
            0x81, 0x2b, 0x60, 0x4d, 0x43, 0xf8, 0x92, 0x98, 0xa4, 0xdd, 0x93, 0xba, 0x48, 0xb5,
            0xac, 0xb8, 0x3b, 0xe0,
        ],
    ),
    (
        "keep_merkle_shreds",
        [
            0xfc, 0x2b, 0xba, 0x88, 0xd2, 0xa1, 0xeb, 0x71, 0x75, 0xdf, 0x3f, 0x39, 0x29, 0x20,
            0x96, 0x3b, 0xfe, 0xc6, 0x90, 0x82, 0xc6, 0xbb, 0xc4, 0x44, 0xe3, 0xde, 0x9b, 0x5f,
            0xcc, 0xbc, 0xb9, 0xfe,
        ],
    ),
    (
        "move_serialized_len_ptr_in_cpi",
        [
            0x59, 0xf8, 0x35, 0x62, 0xdd, 0x14, 0x3d, 0x82, 0x30, 0xdc, 0x4b, 0x24, 0x59, 0xa9,
            0xa8, 0xa2, 0xd6, 0x12, 0x67, 0x7c, 0x1b, 0x86, 0x51, 0xfd, 0x02, 0x1d, 0x47, 0x6b,
            0xff, 0xef, 0x9b, 0xca,
        ],
    ),
    (
        "update_hashes_per_tick",
        [
            0x2b, 0x19, 0xba, 0xab, 0x09, 0xcd, 0xf6, 0xb3, 0x1b, 0xf1, 0x51, 0xc9, 0xb4, 0x3b,
            0x0e, 0xd7, 0x89, 0xcc, 0x3f, 0x9a, 0x80, 0x21, 0x94, 0xfc, 0xbd, 0x78, 0xaf, 0xab,
            0xe5, 0x1a, 0xbd, 0xf6,
        ],
    ),
    (
        "enable_big_mod_exp_syscall",
        [
            0xc3, 0xee, 0x12, 0xb0, 0x1a, 0x5b, 0x31, 0x3a, 0xe4, 0xe6, 0xc1, 0xc1, 0xb0, 0x76,
            0x81, 0xe6, 0xe4, 0x62, 0x1e, 0xfa, 0x9e, 0x71, 0x16, 0xfc, 0x35, 0x72, 0xe8, 0x64,
            0xcd, 0x4e, 0xa6, 0x38,
        ],
    ),
    (
        "disable_builtin_loader_ownership_chains",
        [
            0x33, 0x8b, 0xff, 0x23, 0x8a, 0xab, 0x0a, 0x50, 0xe8, 0xa3, 0x35, 0x8b, 0x09, 0x2b,
            0x90, 0xff, 0x20, 0x0b, 0xde, 0xe6, 0x3a, 0x66, 0x92, 0xd7, 0x6d, 0x4f, 0x19, 0x3d,
            0x10, 0x52, 0x93, 0x31,
        ],
    ),
    (
        "cap_transaction_accounts_data_size",
        [
            0xbb, 0x9b, 0xb2, 0xab, 0xa7, 0x5e, 0xe3, 0xff, 0x53, 0x3b, 0x58, 0xb3, 0x2c, 0x8b,
            0x46, 0xe9, 0xfa, 0x66, 0xc9, 0x20, 0x65, 0xe4, 0x90, 0x65, 0x5e, 0xd4, 0x27, 0x18,
            0xd9, 0x85, 0xef, 0xe0,
        ],
    ),
    (
        "remove_congestion_multiplier_from_fee_calculation",
        [
            0x87, 0xc3, 0x89, 0x04, 0xe8, 0xc4, 0x22, 0x8a, 0x27, 0x67, 0xda, 0xd1, 0x7b, 0xe7,
            0x83, 0xd3, 0x4e, 0x0c, 0x77, 0xe2, 0xe2, 0x94, 0x79, 0xbf, 0x73, 0xe4, 0x32, 0xa6,
            0x91, 0x44, 0x90, 0x6e,
        ],
    ),
    (
        "enable_request_heap_frame_ix",
        [
            0xfa, 0x49, 0x56, 0x3c, 0xc1, 0xbc, 0x82, 0xce, 0x81, 0x12, 0x31, 0x04, 0x9a, 0xe1,
            0x37, 0xce, 0xbe, 0x3a, 0xb5, 0xad, 0x0d, 0xd1, 0xd7, 0x70, 0xb8, 0x8c, 0x90, 0xbb,
            0x45, 0xd3, 0xc9, 0xf7,
        ],
    ),
    (
        "prevent_rent_paying_rent_recipients",
        [
            0xd8, 0x9e, 0x52, 0x37, 0x85, 0xcf, 0xf9, 0x8f, 0x7a, 0x56, 0x28, 0x4c, 0x32, 0x67,
            0x1e, 0xe9, 0x81, 0xe6, 0xae, 0xdd, 0xca, 0x67, 0x66, 0x9d, 0x83, 0xc2, 0x82, 0x56,
            0xb8, 0x4e, 0xf4, 0xae,
        ],
    ),
    (
        "delay_visibility_of_program_deployment",
        [
            0xea, 0x5f, 0xde, 0x80, 0x1b, 0x0d, 0x12, 0xd6, 0x7b, 0x51, 0xc2, 0xb5, 0xc6, 0x08,
            0x33, 0x59, 0x68, 0x07, 0x4f, 0x61, 0x84, 0x0f, 0xaf, 0xfe, 0xf5, 0x96, 0x2c, 0x58,
            0xbb, 0xe9, 0x9f, 0x4c,
        ],
    ),
    (
        "apply_cost_tracker_during_replay",
        [
            0x1b, 0xa8, 0x9a, 0x1c, 0x70, 0xb2, 0x9a, 0xca, 0x07, 0x34, 0x3d, 0x0b, 0xbf, 0xe2,
            0x48, 0x67, 0x97, 0x3a, 0xdb, 0x59, 0x2e, 0x5d, 0x00, 0xfa, 0xde, 0x49, 0x8b, 0x33,
            0x77, 0x3f, 0x70, 0xa0,
        ],
    ),
    (
        "deplete_cu_meter_on_vm_failure",
        [
            0x96, 0x30, 0x7a, 0x11, 0x82, 0xf7, 0xe4, 0xee, 0x64, 0x9d, 0xe0, 0x5b, 0x0f, 0xcc,
            0xe5, 0x25, 0x7b, 0x93, 0x34, 0x69, 0x52, 0xaa, 0x5a, 0x1d, 0x8f, 0xd1, 0x2f, 0x90,
            0xa6, 0x98, 0x75, 0x98,
        ],
    ),
    (
        "bpf_account_data_direct_mapping",
        [
            0x90, 0x9d, 0x8a, 0x1a, 0x1b, 0xdb, 0xb4, 0x28, 0xec, 0x2a, 0x7c, 0xf2, 0xbc, 0x76,
            0xaf, 0x8c, 0x72, 0x9e, 0xbb, 0xa0, 0x6f, 0xee, 0x98, 0xa4, 0x77, 0xdd, 0xe8, 0xc5,
            0x08, 0x1b, 0x7f, 0x53,
        ],
    ),
    (
        "add_set_tx_loaded_accounts_data_size_instruction",
        [
            0xe0, 0x63, 0xcf, 0x92, 0xc3, 0xa0, 0xd3, 0x55, 0x49, 0xd0, 0x52, 0xb1, 0x0c, 0xaf,
            0xf1, 0x3f, 0x56, 0xfa, 0x06, 0x11, 0x1c, 0x63, 0x6f, 0x69, 0x75, 0x42, 0xd1, 0x31,
            0x2a, 0x1e, 0xe2, 0x6d,
        ],
    ),
    (
        "switch_to_new_elf_parser",
        [
            0xac, 0xda, 0xc5, 0x37, 0x50, 0xa9, 0x7a, 0x0e, 0xb4, 0x8f, 0xa3, 0x40, 0xa0, 0xcc,
            0xd2, 0x80, 0x94, 0x20, 0x2c, 0xc7, 0x60, 0x42, 0x4a, 0xd0, 0xa9, 0xc0, 0xd3, 0x31,
            0xe6, 0xd6, 0x62, 0xf0,
        ],
    ),
    (
        "round_up_heap_size",
        [
            0xa6, 0xc6, 0xf9, 0xd5, 0x39, 0x30, 0xd1, 0xe2, 0xaa, 0xfa, 0xc5, 0x3d, 0xd9, 0x8e,
            0xeb, 0xc2, 0xf3, 0xdb, 0x6c, 0x9a, 0xde, 0xeb, 0xf2, 0x61, 0x38, 0x73, 0x42, 0x7d,
            0x71, 0x86, 0xb9, 0xb4,
        ],
    ),
    (
        "remove_bpf_loader_incorrect_program_id",
        [
            0x13, 0x27, 0x40, 0x91, 0x61, 0xec, 0xe3, 0xca, 0x4e, 0x63, 0x93, 0xed, 0xe0, 0x0c,
            0x11, 0x78, 0x1f, 0x7e, 0xef, 0x3f, 0x56, 0xe8, 0xdb, 0x60, 0x71, 0x31, 0x74, 0xd2,
            0xe6, 0x72, 0xbe, 0x53,
        ],
    ),
    (
        "include_loaded_accounts_data_size_in_fee_calculation",
        [
            0xc9, 0xb7, 0x08, 0xb6, 0xbb, 0xa5, 0xb1, 0xa6, 0xdc, 0xbf, 0xd0, 0x4f, 0xed, 0xe7,
            0x28, 0xa3, 0x52, 0xcd, 0x71, 0x42, 0x39, 0x0c, 0xa0, 0x41, 0x13, 0x66, 0xde, 0xff,
            0x50, 0x24, 0xfe, 0x35,
        ],
    ),
    (
        "native_programs_consume_cu",
        [
            0x74, 0x38, 0xca, 0xe8, 0xba, 0x15, 0xa6, 0x50, 0xd5, 0x96, 0x1a, 0x62, 0xd9, 0xba,
            0x14, 0xc6, 0x20, 0x96, 0xdb, 0x0f, 0xa1, 0x87, 0x72, 0x3f, 0x3c, 0x59, 0xc3, 0xdb,
            0xfb, 0xdd, 0x3b, 0x6b,
        ],
    ),
    (
        "simplify_writable_program_account_check",
        [
            0x43, 0xae, 0x75, 0x5b, 0x05, 0xd6, 0x4d, 0xda, 0x6b, 0x93, 0x44, 0x69, 0xa0, 0x06,
            0xea, 0xf0, 0x99, 0x27, 0xf4, 0xbc, 0x96, 0x0e, 0xc6, 0x48, 0x64, 0x47, 0xc0, 0x53,
            0x52, 0xfb, 0x1a, 0x7a,
        ],
    ),
    (
        "stop_truncating_strings_in_syscalls",
        [
            0x00, 0x05, 0xee, 0xe8, 0x9f, 0xd8, 0x51, 0x2f, 0x51, 0x9c, 0xc1, 0x76, 0xca, 0xbb,
            0xe0, 0xf6, 0x3a, 0x39, 0x61, 0x09, 0xda, 0xa5, 0x4d, 0x9a, 0xb7, 0x98, 0xa3, 0x01,
            0x0d, 0x5a, 0xb8, 0x0f,
        ],
    ),
    (
        "clean_up_delegation_errors",
        [
            0x9f, 0x59, 0x3a, 0x49, 0x85, 0xf1, 0xaa, 0x61, 0x96, 0x8e, 0x49, 0xb3, 0x45, 0xce,
            0xea, 0xed, 0xbb, 0x96, 0x54, 0x09, 0xa4, 0x3d, 0x8d, 0xba, 0xbb, 0x57, 0xc7, 0x64,
            0x0d, 0xfc, 0x59, 0x90,
        ],
    ),
    (
        "vote_state_add_vote_latency",
        [
            0x61, 0xd8, 0xd7, 0x1f, 0x81, 0x6f, 0x32, 0x74, 0x56, 0x37, 0x18, 0x3c, 0x8b, 0x7e,
            0x6e, 0xaa, 0x28, 0x71, 0xb5, 0x22, 0x61, 0x11, 0xb0, 0x39, 0x6d, 0xb6, 0x4f, 0xad,
            0x75, 0xad, 0x77, 0xc4,
        ],
    ),
    (
        "checked_arithmetic_in_fee_validation",
        [
            0x41, 0x3c, 0x10, 0x0e, 0x1d, 0x39, 0xd7, 0x2b, 0xbe, 0x35, 0xa2, 0xa1, 0xcb, 0xff,
            0x4f, 0xe1, 0x7d, 0x4d, 0x55, 0xd0, 0x45, 0x4d, 0xf0, 0x5f, 0x58, 0xa4, 0x96, 0x7c,
            0xed, 0x08, 0x34, 0x55,
        ],
    ),
    (
        "last_restart_slot_sysvar",
        [
            0xf9, 0xb8, 0x13, 0x4b, 0x8e, 0x66, 0x1b, 0x40, 0x28, 0x1c, 0xed, 0xbe, 0x7c, 0x78,
            0x8c, 0x99, 0x1b, 0x93, 0x96, 0x34, 0xd6, 0xc9, 0x0b, 0xde, 0xae, 0xb8, 0xdb, 0x5a,
            0x06, 0x7d, 0x87, 0x8e,
        ],
    ),
    (
        "reduce_stake_warmup_cooldown",
        [
            0xec, 0xee, 0x93, 0x40, 0x57, 0x22, 0xb0, 0x74, 0x49, 0xc1, 0xf9, 0xe5, 0xef, 0x54,
            0x03, 0xef, 0x18, 0x4d, 0x87, 0xf9, 0x31, 0x68, 0x96, 0x18, 0xad, 0x21, 0xb8, 0xf7,
            0x00, 0x3d, 0x8a, 0xce,
        ],
    ),
    (
        "revise_turbine_epoch_stakes",
        [
            0x9b, 0x5f, 0xa2, 0xbe, 0x99, 0xfd, 0xb8, 0x81, 0x7d, 0x7d, 0x2d, 0xcf, 0x73, 0xa0,
            0xf6, 0x56, 0x57, 0xea, 0x7b, 0x3c, 0x6a, 0xf6, 0x13, 0x59, 0x13, 0x4a, 0x2f, 0x56,
            0x10, 0x11, 0xd2, 0xad,
        ],
    ),
    (
        "enable_poseidon_syscall",
        [
            0xd4, 0xeb, 0x2e, 0xcb, 0x2c, 0x82, 0xbf, 0x3c, 0xc6, 0xab, 0x6d, 0x6c, 0xbc, 0x2f,
            0x29, 0x03, 0xab, 0xa5, 0x57, 0xd7, 0x2d, 0xc4, 0x4e, 0xfd, 0xbc, 0x5f, 0xf1, 0xc0,
            0x6c, 0xde, 0xa2, 0xd7,
        ],
    ),
    (
        "timely_vote_credits",
        [
            0x0d, 0x4d, 0x3c, 0x51, 0x23, 0x21, 0xd3, 0xe9, 0x47, 0x3d, 0xc8, 0x19, 0x36, 0x5e,
            0x45, 0xf8, 0x09, 0x81, 0x7b, 0xaf, 0xff, 0x69, 0x17, 0x9f, 0x2e, 0x58, 0x3d, 0xf1,
            0x6e, 0xc8, 0x10, 0x6b,
        ],
    ),
    (
        "remaining_compute_units_syscall_enabled",
        [
            0x42, 0x53, 0x93, 0xd7, 0x86, 0x52, 0x20, 0x64, 0xce, 0x96, 0x67, 0x76, 0xc0, 0xb2,
            0x3d, 0xd2, 0xe4, 0xd2, 0x81, 0x04, 0x5e, 0x7a, 0xd6, 0x90, 0xee, 0x30, 0x77, 0x01,
            0x6a, 0x54, 0x6e, 0x64,
        ],
    ),
    (
        "enable_loader_v4",
        [
            0x05, 0x12, 0xb4, 0x11, 0x51, 0x51, 0xf4, 0x22, 0xf9, 0xc1, 0x28, 0xc3, 0xa4, 0x38,
            0x28, 0x6e, 0x89, 0x34, 0x57, 0xb5, 0x28, 0xa4, 0x90, 0x1b, 0x1b, 0xc5, 0xb0, 0x51,
            0x79, 0x00, 0x00, 0x00,
        ],
    ),
    (
        "require_rent_exempt_split_destination",
        [
            0xb2, 0xb3, 0xf3, 0xc6, 0xb4, 0x1c, 0x24, 0x4b, 0xbf, 0x84, 0xd9, 0x21, 0x6e, 0x67,
            0x6e, 0x0b, 0x45, 0x16, 0xb4, 0xd6, 0x0c, 0x48, 0xe9, 0x7a, 0x45, 0x26, 0x74, 0xbc,
            0x9d, 0x61, 0x72, 0xe0,
        ],
    ),
    (
        "better_error_codes_for_tx_lamport_check",
        [
            0xd9, 0xf9, 0x49, 0xa8, 0xea, 0x6b, 0x74, 0x21, 0x4a, 0x4c, 0x14, 0x84, 0xd2, 0x73,
            0x07, 0x37, 0xc1, 0x95, 0xb5, 0xdc, 0xdc, 0xd0, 0x07, 0xd0, 0x17, 0x2b, 0xe1, 0x2f,
            0xff, 0x7a, 0x38, 0x4f,
        ],
    ),
    (
        "enable_alt_bn128_compression_syscall",
        [
            0xc5, 0x96, 0xc3, 0xf1, 0x5d, 0x5b, 0xb5, 0x9b, 0x10, 0x5f, 0xf4, 0xd6, 0x41, 0x2c,
            0x69, 0xe2, 0xdc, 0x8c, 0xa7, 0xdf, 0x6f, 0xba, 0x27, 0x60, 0xfb, 0x3e, 0x5b, 0x98,
            0x46, 0xe4, 0xb4, 0xef,
        ],
    ),
    (
        "programify_feature_gate_program",
        [
            0x6c, 0x03, 0x23, 0xfe, 0xae, 0x55, 0x9b, 0x6b, 0x0f, 0xa5, 0x65, 0xc1, 0x18, 0x46,
            0x40, 0xe3, 0x6a, 0x92, 0x67, 0xe8, 0x05, 0xc2, 0x7d, 0x8b, 0x88, 0x1b, 0x5e, 0xca,
            0xa3, 0xaf, 0x6e, 0x77,
        ],
    ),
    (
        "update_hashes_per_tick2",
        [
            0xc8, 0xc8, 0x3f, 0xaf, 0x32, 0xd0, 0x79, 0xe7, 0xc9, 0x8b, 0x45, 0x2f, 0x6c, 0x6c,
            0xa4, 0xaf, 0xeb, 0x86, 0xdd, 0x45, 0xc7, 0x5d, 0xa9, 0xf3, 0x0d, 0x91, 0xab, 0x70,
            0x0d, 0xdc, 0x41, 0x23,
        ],
    ),
    (
        "update_hashes_per_tick3",
        [
            0x6a, 0xdb, 0x81, 0x96, 0xaa, 0x89, 0x39, 0x58, 0xb8, 0xa9, 0xd8, 0xbb, 0xee, 0x56,
            0xa6, 0x5a, 0x47, 0x46, 0xfa, 0xbd, 0x4c, 0x0f, 0x02, 0x92, 0x4c, 0xbc, 0x74, 0xc0,
            0x6a, 0x05, 0xf5, 0xb8,
        ],
    ),
    (
        "update_hashes_per_tick4",
        [
            0x6f, 0x99, 0x8d, 0x05, 0xe5, 0xcd, 0x11, 0xa5, 0x69, 0x28, 0x27, 0xa5, 0xd1, 0xb4,
            0x93, 0x29, 0x32, 0x39, 0x50, 0x4f, 0xb2, 0xea, 0x66, 0xe1, 0xb5, 0x37, 0x61, 0xe5,
            0x87, 0x88, 0x1f, 0x41,
        ],
    ),
    (
        "update_hashes_per_tick5",
        [
            0xa1, 0x78, 0xa3, 0x8e, 0x6a, 0xb3, 0x14, 0xa4, 0x11, 0x95, 0x61, 0x1e, 0x9e, 0xcb,
            0x9a, 0x75, 0x42, 0xa9, 0x54, 0xa3, 0x80, 0xb9, 0x59, 0xc8, 0x10, 0xa5, 0x6d, 0xdf,
            0x38, 0xbe, 0xcb, 0x59,
        ],
    ),
    (
        "update_hashes_per_tick6",
        [
            0xd4, 0xda, 0xe2, 0x6a, 0x8f, 0xf0, 0x49, 0x6c, 0x64, 0x64, 0x3e, 0x27, 0x5c, 0xc8,
            0xc0, 0x94, 0x75, 0x19, 0xed, 0x99, 0xc6, 0x64, 0xe7, 0x3f, 0x62, 0xcc, 0x5c, 0xd4,
            0x7b, 0xbc, 0x67, 0xe1,
        ],
    ),
    (
        "validate_fee_collector_account",
        [
            0x0c, 0x42, 0x9f, 0xae, 0x63, 0x29, 0x2c, 0x8c, 0xaa, 0x94, 0x19, 0xe1, 0xf6, 0xb4,
            0xd9, 0x16, 0x5e, 0x43, 0xb4, 0xc7, 0xb1, 0x1f, 0xe0, 0x9d, 0x01, 0xd9, 0x0a, 0xc5,
            0x1c, 0x70, 0x7f, 0x14,
        ],
    ),
    (
        "enable_zk_transfer_with_fee",
        [
            0x0e, 0xcb, 0x24, 0x6c, 0x6b, 0x32, 0x42, 0xcd, 0x46, 0xc6, 0x8d, 0x16, 0xca, 0xd0,
            0x06, 0xed, 0x41, 0x5e, 0x9f, 0xc4, 0x36, 0x71, 0x70, 0xdc, 0xf6, 0x59, 0x14, 0x25,
            0x3e, 0x4c, 0xaa, 0x12,
        ],
    ),
    (
        "drop_legacy_shreds",
        [
            0xe6, 0x0f, 0x1e, 0xeb, 0x2f, 0x39, 0x7b, 0xd1, 0x39, 0xaa, 0x31, 0xee, 0x23, 0x84,
            0x80, 0x69, 0x51, 0x99, 0x93, 0x80, 0xc2, 0x55, 0x53, 0xef, 0xeb, 0xa2, 0xe0, 0x16,
            0x79, 0xa0, 0x01, 0x7c,
        ],
    ),
    (
        "consume_blockstore_duplicate_proofs",
        [
            0x52, 0x74, 0x2c, 0x7b, 0x6b, 0x86, 0x07, 0x02, 0x0c, 0x27, 0x5c, 0x4c, 0xf2, 0x6e,
            0xf1, 0xe3, 0xcd, 0x47, 0xeb, 0xf2, 0x78, 0xe2, 0x9d, 0x0b, 0xfb, 0x96, 0xfb, 0x13,
            0xad, 0x6f, 0x8a, 0xb0,
        ],
    ),
    (
        "index_erasure_conflict_duplicate_proofs",
        [
            0x09, 0x74, 0xa1, 0x2b, 0x1c, 0x70, 0x2e, 0x59, 0xf6, 0x09, 0xfb, 0x6d, 0xaa, 0x47,
            0x17, 0x37, 0xf4, 0xa5, 0xc2, 0xfb, 0x0b, 0xd9, 0x6b, 0x33, 0xcb, 0x93, 0xc4, 0x0c,
            0xdd, 0x46, 0x4f, 0x23,
        ],
    ),
    (
        "curve25519_restrict_msm_length",
        [
            0x09, 0xa2, 0xb5, 0xbc, 0x88, 0x50, 0x95, 0xbe, 0x4d, 0xe1, 0x58, 0x5a, 0x7f, 0xf3,
            0x63, 0x72, 0xc1, 0x6f, 0x40, 0x3a, 0x9a, 0x48, 0x0f, 0xd3, 0x51, 0xd3, 0xb3, 0xa5,
            0xc6, 0x0c, 0x4b, 0x91,
        ],
    ),
    (
        "allow_commission_decrease_at_any_time",
        [
            0x09, 0x63, 0x71, 0x6c, 0x93, 0x25, 0xce, 0xfb, 0xac, 0xdf, 0x2e, 0x42, 0x3f, 0xdf,
            0x5d, 0xf2, 0x5e, 0xae, 0xda, 0x5d, 0x77, 0xf7, 0x49, 0xa7, 0xb6, 0xf8, 0x67, 0x27,
            0xf9, 0x0d, 0x29, 0xe4,
        ],
    ),
    (
        "merkle_conflict_duplicate_proofs",
        [
            0x0b, 0x7d, 0xce, 0x55, 0xcc, 0x31, 0x6e, 0x11, 0x19, 0x99, 0x92, 0x0c, 0xf7, 0x52,
            0x85, 0x76, 0xfe, 0xd0, 0x5c, 0xed, 0x1b, 0xd8, 0x8e, 0x84, 0x1b, 0xb6, 0x3c, 0xd9,
            0x35, 0xed, 0x91, 0x2f,
        ],
    ),
    (
        "disable_bpf_loader_instructions",
        [
            0x60, 0xbe, 0x49, 0xea, 0xb9, 0xe9, 0x43, 0x8c, 0x58, 0x9b, 0x35, 0x47, 0xbc, 0x1b,
            0x1b, 0x0d, 0x04, 0xbc, 0x74, 0xd2, 0x57, 0xe1, 0xf2, 0xa5, 0x02, 0x66, 0x17, 0xf3,
            0x49, 0xb5, 0xe0, 0xe9,
        ],
    ),
    (
        "deprecate_executable_meta_update_in_bpf_loader",
        [
            0x0b, 0x0a, 0xa6, 0x6d, 0xae, 0x07, 0x63, 0x9b, 0x6d, 0x90, 0xe0, 0xf3, 0x1d, 0xba,
            0x64, 0x52, 0xba, 0x3d, 0xc3, 0x44, 0x31, 0x30, 0xdf, 0x7e, 0xab, 0xd4, 0x1e, 0xd3,
            0xab, 0x4d, 0x33, 0x47,
        ],
    ),
    (
        "enable_zk_proof_from_account",
        [
            0x0e, 0xcb, 0x88, 0xd6, 0xe1, 0xd4, 0x23, 0xf4, 0x20, 0x62, 0xde, 0xc9, 0x60, 0x6c,
            0x5a, 0x68, 0xc5, 0x9e, 0xcd, 0x3a, 0x97, 0x46, 0xbd, 0x14, 0xc5, 0x00, 0x9e, 0x46,
            0x52, 0x19, 0x0c, 0xd9,
        ],
    ),
    (
        "cost_model_requested_write_lock_cost",
        [
            0x0d, 0xeb, 0x8b, 0x43, 0x43, 0x80, 0x51, 0xa1, 0x77, 0x30, 0xda, 0xfa, 0x17, 0x13,
            0xc7, 0x34, 0x05, 0xe6, 0xe3, 0x35, 0x39, 0x8a, 0x57, 0x63, 0x96, 0x99, 0xb4, 0x10,
            0xf0, 0xd6, 0x5e, 0x87,
        ],
    ),
    (
        "enable_gossip_duplicate_proof_ingestion",
        [
            0xd5, 0x79, 0x63, 0x4a, 0x6a, 0xab, 0x27, 0xdb, 0x57, 0xae, 0xfb, 0x1c, 0x06, 0x7c,
            0x34, 0x8d, 0xaa, 0xae, 0x66, 0x2f, 0x5f, 0x62, 0x2f, 0x18, 0xf4, 0xb5, 0x83, 0x95,
            0xe3, 0x43, 0xff, 0xd5,
        ],
    ),
    (
        "enable_chained_merkle_shreds",
        [
            0x66, 0x9c, 0xb7, 0x34, 0xc4, 0x79, 0x40, 0x81, 0x18, 0x88, 0x23, 0x16, 0x03, 0xdb,
            0xe2, 0xb4, 0xb9, 0x82, 0x50, 0x3a, 0x99, 0x0e, 0xcd, 0xb5, 0x1f, 0x4e, 0xa0, 0xeb,
            0xac, 0xd3, 0xef, 0x1f,
        ],
    ),
    (
        "remove_rounding_in_fee_calculation",
        [
            0xa1, 0xc5, 0x8f, 0xd3, 0x78, 0xb5, 0xe0, 0xfd, 0x51, 0x5e, 0x90, 0xf9, 0x71, 0xc6,
            0x61, 0x77, 0xef, 0x58, 0x74, 0xfb, 0xd9, 0x46, 0x9a, 0x1e, 0x4d, 0x8a, 0x45, 0x3b,
            0x36, 0xb9, 0x61, 0x4e,
        ],
    ),
    (
        "enable_tower_sync_ix",
        [
            0x0d, 0x2d, 0xfe, 0xed, 0x5a, 0x25, 0x11, 0xf7, 0x8d, 0x62, 0x07, 0x44, 0x0d, 0xad,
            0x2c, 0xc2, 0x50, 0x72, 0xda, 0x55, 0x9c, 0xf7, 0x30, 0x7a, 0xe8, 0x45, 0x22, 0x92,
            0x56, 0xdd, 0x66, 0x77,
        ],
    ),
    (
        "deprecate_unused_legacy_vote_plumbing",
        [
            0x51, 0x60, 0x3a, 0x65, 0xd2, 0x58, 0xf6, 0x81, 0xa9, 0x9d, 0x75, 0xfb, 0x82, 0x92,
            0x01, 0x9d, 0x7c, 0xba, 0xba, 0x95, 0x17, 0x6d, 0x3b, 0xfd, 0xac, 0x4d, 0xba, 0x6f,
            0x72, 0x50, 0xbc, 0x93,
        ],
    ),
    (
        "reward_full_priority_fee",
        [
            0x29, 0xb5, 0x7d, 0x02, 0xf6, 0x06, 0xf2, 0xf1, 0x3c, 0xe6, 0x5d, 0x22, 0xd1, 0xfc,
            0x80, 0x59, 0xcd, 0x36, 0x5a, 0x6d, 0x1c, 0x97, 0x5a, 0xbf, 0x46, 0x0f, 0x48, 0x0e,
            0x16, 0x11, 0xe2, 0xa4,
        ],
    ),
    (
        "disable_rent_fees_collection",
        [
            0xa8, 0x0c, 0x7c, 0x9c, 0x46, 0xc9, 0x15, 0x1d, 0x98, 0x48, 0x72, 0x27, 0x55, 0x41,
            0x17, 0x88, 0x22, 0xad, 0x13, 0x7f, 0x8c, 0x63, 0x6f, 0x91, 0xf7, 0x6d, 0x86, 0xac,
            0xdd, 0xbb, 0xcc, 0xf5,
        ],
    ),
    (
        "add_new_reserved_account_keys",
        [
            0x6e, 0xf0, 0xdf, 0x34, 0x81, 0xac, 0xed, 0xb6, 0x4d, 0x00, 0x3d, 0x88, 0xc9, 0x5a,
            0x7a, 0x25, 0xa0, 0xd7, 0x00, 0x98, 0x07, 0xa8, 0x51, 0x37, 0x06, 0xb3, 0x0e, 0x23,
            0xfb, 0xce, 0xa9, 0xcc,
        ],
    ),
    (
        "chained_merkle_conflict_duplicate_proofs",
        [
            0x09, 0x25, 0x36, 0xba, 0xe5, 0x72, 0x41, 0x7e, 0x11, 0xa8, 0xc5, 0xcd, 0x87, 0x81,
            0x90, 0x62, 0x5d, 0x31, 0x81, 0xc1, 0x19, 0x26, 0xb7, 0xab, 0xec, 0xb1, 0x65, 0x55,
            0xc8, 0xb0, 0xc1, 0xf7,
        ],
    ),
    (
        "simplify_alt_bn128_syscall_error_codes",
        [
            0xff, 0xdc, 0x9f, 0x8d, 0x03, 0xe9, 0xa9, 0x8b, 0x11, 0x73, 0xd7, 0xf4, 0x57, 0x73,
            0x30, 0xb9, 0x37, 0xc4, 0x25, 0xcd, 0xa9, 0xd8, 0xc1, 0x3e, 0xcc, 0xb7, 0x16, 0x4a,
            0x1a, 0xfd, 0xf9, 0xec,
        ],
    ),
    (
        "abort_on_invalid_curve",
        [
            0xdd, 0x72, 0x21, 0x65, 0xad, 0x48, 0xe1, 0xaf, 0xda, 0x46, 0x3f, 0x70, 0xf5, 0xe7,
            0x27, 0xdf, 0x99, 0x16, 0x8f, 0xf9, 0xbb, 0xcb, 0x52, 0x76, 0xdb, 0x98, 0x53, 0x4e,
            0x33, 0xf1, 0xf5, 0x86,
        ],
    ),
    (
        "ed25519_precompile_verify_strict",
        [
            0x09, 0xa3, 0x5e, 0x55, 0x96, 0xaf, 0xa7, 0x91, 0xd2, 0xf1, 0xf4, 0xa9, 0x08, 0x55,
            0x4e, 0xfa, 0x4e, 0xe4, 0xa6, 0x46, 0xdb, 0xb3, 0xa1, 0x4a, 0xb0, 0x33, 0xaf, 0x14,
            0xa5, 0x49, 0x1c, 0xfe,
        ],
    ),
    (
        "zk_elgamal_proof_program_enabled",
        [
            0x0e, 0xcb, 0x85, 0x30, 0xa9, 0x11, 0x14, 0x8e, 0x4e, 0x4b, 0x2d, 0xb5, 0x99, 0xa0,
            0xea, 0x2c, 0x3c, 0x01, 0x91, 0xb9, 0xc8, 0x30, 0xc3, 0xeb, 0x84, 0x49, 0x40, 0x64,
            0xd0, 0x12, 0x6e, 0x73,
        ],
    ),
    (
        "move_stake_and_move_lamports_ixs",
        [
            0x61, 0xf9, 0x9e, 0xbb, 0xb5, 0x47, 0x90, 0x0b, 0xb6, 0x5d, 0x66, 0x44, 0xb8, 0x45,
            0xca, 0x36, 0xc5, 0xaf, 0x9f, 0x6f, 0xe1, 0x6d, 0x73, 0x7e, 0x83, 0x64, 0xb5, 0x59,
            0x1c, 0x46, 0x2b, 0x63,
        ],
    ),
    (
        "deprecate_legacy_vote_ixs",
        [
            0x09, 0x63, 0xab, 0xd0, 0x05, 0x64, 0xa6, 0xa5, 0x74, 0xcd, 0xdf, 0xb3, 0xc1, 0xa6,
            0xcf, 0xb3, 0xc9, 0x9e, 0x1d, 0x7d, 0xf1, 0xdc, 0x91, 0xd5, 0x67, 0xdf, 0x68, 0xeb,
            0x77, 0x49, 0x22, 0xb7,
        ],
    ),
    (
        "partitioned_epoch_rewards_superfeature",
        [
            0x05, 0xb1, 0xf6, 0xd0, 0xa0, 0xbf, 0xfc, 0x81, 0xbc, 0x95, 0xde, 0xeb, 0x35, 0x7a,
            0x88, 0x3e, 0xa6, 0x5e, 0x44, 0xce, 0xb5, 0x15, 0x5a, 0xd2, 0xb0, 0xb5, 0x57, 0xbf,
            0x87, 0xf9, 0x4b, 0x53,
        ],
    ),
    (
        "enable_secp256r1_precompile",
        [
            0x0d, 0x07, 0x69, 0xb2, 0x4d, 0xf9, 0xa6, 0xa3, 0xbe, 0x46, 0x1c, 0xcd, 0x33, 0x4f,
            0x22, 0xcd, 0x35, 0x49, 0x98, 0xc6, 0xf6, 0xaf, 0xb6, 0x8c, 0xe5, 0x39, 0xef, 0x19,
            0x11, 0x48, 0x56, 0xa4,
        ],
    ),
    (
        "get_sysvar_syscall_enabled",
        [
            0xa8, 0x5b, 0xef, 0x52, 0xf2, 0x62, 0x90, 0x82, 0x3b, 0xd2, 0x06, 0xdd, 0x10, 0xe7,
            0x2c, 0x5b, 0x9c, 0x22, 0x0e, 0x96, 0x8a, 0xa7, 0x2e, 0x98, 0x8c, 0x7b, 0x02, 0x39,
            0x0e, 0xd5, 0x9a, 0xf4,
        ],
    ),
    (
        "disable_sbpf_v0_execution",
        [
            0x07, 0xcd, 0x8f, 0x9c, 0x60, 0x1f, 0xb5, 0x1d, 0xe6, 0xc6, 0x4a, 0x0c, 0x80, 0xee,
            0x74, 0x45, 0xb1, 0x33, 0x0c, 0x00, 0xc8, 0x85, 0x66, 0xfd, 0xbf, 0x9c, 0x04, 0xb1,
            0x80, 0x00, 0x00, 0x00,
        ],
    ),
    (
        "reenable_sbpf_v0_execution",
        [
            0x06, 0xd3, 0xed, 0xd5, 0x9d, 0x7c, 0x93, 0xe5, 0xc4, 0xb1, 0xe9, 0xad, 0x79, 0x2d,
            0x34, 0x27, 0xa1, 0xc3, 0x2f, 0xac, 0xb9, 0xbc, 0x05, 0x2d, 0xe0, 0x6c, 0x4b, 0x91,
            0x80, 0x00, 0x00, 0x00,
        ],
    ),
    (
        "enable_sbpf_v1_deployment_and_execution",
        [
            0xff, 0xf3, 0x40, 0x2b, 0x9c, 0xcb, 0xc2, 0xef, 0x87, 0x25, 0xc8, 0xa9, 0xa3, 0x0d,
            0x78, 0x88, 0xc0, 0xd9, 0xaf, 0xad, 0x60, 0x5e, 0x1a, 0xdf, 0xe8, 0x84, 0x65, 0xac,
            0x59, 0xd5, 0xe4, 0xd5,
        ],
    ),
    (
        "enable_sbpf_v2_deployment_and_execution",
        [
            0xd1, 0x6a, 0x9a, 0x26, 0x8a, 0x6a, 0x8e, 0x40, 0xcc, 0xea, 0xc9, 0x39, 0xd6, 0x21,
            0x78, 0x58, 0x7e, 0x9e, 0x51, 0x6c, 0x8c, 0xab, 0x5a, 0xec, 0x85, 0xb1, 0x18, 0x7f,
            0xa6, 0xd2, 0xb5, 0xdc,
        ],
    ),
    (
        "enable_sbpf_v3_deployment_and_execution",
        [
            0x44, 0x72, 0x90, 0xd7, 0xfd, 0xc5, 0x1f, 0x0f, 0x09, 0xfb, 0xd2, 0x3d, 0xab, 0x6b,
            0xc2, 0xa5, 0x66, 0x47, 0x49, 0xe7, 0x6e, 0xe5, 0xff, 0xb6, 0x3b, 0xb9, 0xb6, 0x3c,
            0x39, 0x78, 0x78, 0xcd,
        ],
    ),
    (
        "migrate_feature_gate_program_to_core_bpf",
        [
            0x36, 0x42, 0x5c, 0x66, 0x18, 0x1f, 0x6b, 0xf4, 0xea, 0x34, 0x18, 0x98, 0xd0, 0xee,
            0x57, 0x8e, 0x44, 0xd3, 0x69, 0xb6, 0x06, 0x1e, 0xe4, 0xea, 0x37, 0x86, 0x08, 0xb4,
            0x19, 0xbf, 0xbb, 0x7a,
        ],
    ),
    (
        "migrate_config_program_to_core_bpf",
        [
            0x12, 0xa9, 0x4d, 0x90, 0xf1, 0x0d, 0xa9, 0xa9, 0x6c, 0x4d, 0xaf, 0xf9, 0x3b, 0x8e,
            0xf5, 0xcb, 0x23, 0xef, 0xa4, 0xa9, 0x27, 0xee, 0x5c, 0x59, 0xc4, 0xef, 0x9c, 0x08,
            0x45, 0x65, 0xdf, 0xac,
        ],
    ),
    (
        "migrate_address_lookup_table_program_to_core_bpf",
        [
            0xa5, 0x84, 0xb6, 0xe5, 0x4b, 0xa8, 0x34, 0x24, 0x94, 0xbb, 0xa3, 0x5d, 0x43, 0x00,
            0x19, 0x22, 0x7e, 0x11, 0x1e, 0xb6, 0xba, 0xc9, 0x95, 0x77, 0xf9, 0xe1, 0x83, 0xa5,
            0x46, 0x5d, 0xff, 0x48,
        ],
    ),
    (
        "migrate_stake_program_to_core_bpf",
        [
            0x4f, 0x6e, 0x58, 0xf2, 0xa5, 0x04, 0x0c, 0xd3, 0x86, 0x2c, 0xea, 0xf5, 0xe7, 0x5e,
            0x1a, 0xc4, 0x52, 0x52, 0xca, 0xea, 0xdf, 0x75, 0x06, 0xd3, 0x0e, 0xef, 0x5e, 0x33,
            0x25, 0x16, 0xaf, 0xcf,
        ],
    ),
    (
        "enable_get_epoch_stake_syscall",
        [
            0xd4, 0xca, 0x06, 0xb3, 0x6d, 0xa7, 0x8e, 0xef, 0xd9, 0x92, 0x66, 0x67, 0x6d, 0xe3,
            0x92, 0xab, 0x4e, 0x56, 0x31, 0x5b, 0xd3, 0x9e, 0x97, 0x15, 0xd2, 0xf6, 0x0d, 0x3d,
            0x02, 0x29, 0xf8, 0x10,
        ],
    ),
    (
        "disable_account_loader_special_case",
        [
            0xc7, 0x2b, 0x39, 0x35, 0x25, 0x63, 0x29, 0x7f, 0x69, 0x4f, 0x2d, 0x7f, 0x8c, 0x2c,
            0xbb, 0x62, 0x13, 0x3e, 0x4d, 0xf8, 0xc9, 0xc0, 0x2d, 0x75, 0xed, 0xed, 0x28, 0x6a,
            0x6f, 0x44, 0xe6, 0x8f,
        ],
    ),
    (
        "remove_accounts_executable_flag_checks",
        [
            0xd7, 0xeb, 0x98, 0x87, 0x27, 0xcf, 0x64, 0x78, 0xbe, 0x0d, 0x81, 0x84, 0x03, 0x96,
            0x2b, 0x10, 0x77, 0xb6, 0xc9, 0xcb, 0x3b, 0xfd, 0x6c, 0x3b, 0x95, 0xf6, 0xa4, 0x79,
            0xee, 0x74, 0xde, 0xb8,
        ],
    ),
    (
        "fix_alt_bn128_multiplication_input_length",
        [
            0x08, 0xe8, 0xaa, 0x2e, 0x13, 0xc5, 0xc5, 0x54, 0xe2, 0xc3, 0xb4, 0x0e, 0x26, 0xb4,
            0x64, 0x3b, 0xc7, 0xcb, 0x89, 0x6c, 0xc0, 0x06, 0x05, 0xaa, 0x65, 0x7f, 0x3a, 0x3d,
            0x30, 0xee, 0xf9, 0x05,
        ],
    ),
    (
        "lift_cpi_caller_restriction",
        [
            0xf6, 0xd3, 0x41, 0xcb, 0x4b, 0xa2, 0x65, 0x9e, 0xac, 0xe7, 0x83, 0xef, 0x30, 0xe5,
            0xfc, 0xc1, 0x9a, 0x94, 0x8b, 0x9b, 0x00, 0xba, 0x8a, 0xad, 0xf5, 0x2a, 0x6b, 0x9f,
            0x65, 0x24, 0x5e, 0xc8,
        ],
    ),
    (
        "accounts_lt_hash",
        [
            0x04, 0xfb, 0xc1, 0xc8, 0xa2, 0xa2, 0xac, 0xda, 0x75, 0xee, 0xf4, 0x49, 0x65, 0x74,
            0x21, 0x57, 0xdc, 0x0e, 0x4b, 0x16, 0x65, 0xd4, 0x98, 0xd0, 0x04, 0x28, 0x03, 0xf7,
            0x8b, 0xa4, 0x41, 0xd8,
        ],
    ),
    (
        "remove_accounts_delta_hash",
        [
            0x04, 0xfc, 0x24, 0x64, 0xea, 0x47, 0xc7, 0x01, 0xce, 0x63, 0x3e, 0xfe, 0x17, 0xa1,
            0xa9, 0xa9, 0xd2, 0xdb, 0x08, 0x93, 0x34, 0x17, 0x9e, 0x78, 0x50, 0x90, 0x91, 0x6c,
            0x31, 0x8b, 0xc9, 0x75,
        ],
    ),
    (
        "snapshots_lt_hash",
        [
            0x04, 0xfc, 0x6a, 0x5f, 0xbf, 0x7b, 0xb5, 0x56, 0x65, 0xe6, 0x61, 0xcc, 0x39, 0xc8,
            0x8c, 0xa7, 0x3e, 0x31, 0xe9, 0xea, 0xad, 0x08, 0x7c, 0x60, 0x1c, 0x5c, 0x77, 0xcb,
            0x58, 0x08, 0xf8, 0xbb,
        ],
    ),
    (
        "reserve_minimal_cus_for_builtin_instructions",
        [
            0xa5, 0xb1, 0x67, 0x6f, 0x57, 0x48, 0x66, 0xc6, 0xf6, 0x9e, 0x9c, 0xfb, 0x60, 0x44,
            0xe4, 0xbc, 0xdd, 0xae, 0x3b, 0x38, 0x3d, 0x7b, 0x71, 0x74, 0x6d, 0xc2, 0xd8, 0x80,
            0x67, 0x53, 0x2e, 0x0e,
        ],
    ),
    (
        "raise_block_limits_to_50m",
        [
            0x47, 0x4e, 0x4d, 0x72, 0x6d, 0x7e, 0xdc, 0x08, 0x29, 0xbb, 0xfe, 0x79, 0x87, 0x59,
            0x54, 0xe4, 0x26, 0x89, 0xce, 0xaa, 0x39, 0xd5, 0x03, 0xed, 0x1e, 0x89, 0x79, 0x4d,
            0x46, 0xa0, 0x5c, 0xe7,
        ],
    ),
    (
        "raise_block_limits_to_60m",
        [
            0x56, 0x29, 0xfd, 0x5b, 0x06, 0x1d, 0x78, 0x49, 0xfc, 0x80, 0x45, 0xef, 0xbe, 0x42,
            0x3f, 0xbc, 0x45, 0x8b, 0x26, 0xf1, 0x43, 0x04, 0xd8, 0x27, 0x0e, 0xfb, 0xba, 0x13,
            0x22, 0x82, 0x30, 0xc6,
        ],
    ),
    (
        "raise_block_limits_to_100m",
        [
            0x05, 0xa2, 0xfa, 0x02, 0xbf, 0x06, 0x9b, 0xb5, 0xcf, 0xeb, 0xc7, 0x5c, 0x1d, 0xc9,
            0x2a, 0x8b, 0x6c, 0x88, 0x83, 0x7e, 0xad, 0x76, 0x0e, 0x05, 0x45, 0xf5, 0xa8, 0x63,
            0x63, 0x9c, 0xe7, 0xad,
        ],
    ),
    (
        "move_precompile_verification_to_svm",
        [
            0x85, 0x6c, 0x3d, 0xbc, 0xfd, 0xf4, 0xf4, 0x8e, 0x9f, 0xfa, 0xe7, 0xd0, 0xf8, 0xfc,
            0x84, 0xda, 0x5a, 0x8b, 0x15, 0x32, 0x54, 0xe0, 0xe1, 0xa2, 0xe4, 0x64, 0x57, 0x89,
            0x94, 0x0b, 0x38, 0x47,
        ],
    ),
    (
        "enable_transaction_loading_failure_fees",
        [
            0x05, 0xc9, 0x32, 0x95, 0xdc, 0xe3, 0x71, 0xd5, 0xa0, 0x2c, 0x0f, 0xe9, 0xc0, 0xa6,
            0x12, 0xfa, 0xe6, 0x68, 0x7d, 0x69, 0x95, 0x6d, 0x0d, 0xb5, 0x77, 0xf3, 0x6e, 0xf1,
            0xf9, 0x78, 0x72, 0x8c,
        ],
    ),
    (
        "disable_partitioned_rent_collection",
        [
            0x11, 0x6d, 0x1d, 0xd8, 0x23, 0xca, 0x86, 0x4d, 0x30, 0x4e, 0x6a, 0x0b, 0x8f, 0xe5,
            0x2b, 0xd4, 0xf9, 0x49, 0xca, 0x91, 0x36, 0x1f, 0x39, 0x34, 0xc7, 0x53, 0x10, 0xf1,
            0xcf, 0xfb, 0x6b, 0x33,
        ],
    ),
    (
        "vote_only_full_fec_sets",
        [
            0x09, 0xe7, 0xc5, 0x4a, 0x98, 0x6c, 0xb6, 0x68, 0x7d, 0xea, 0x99, 0x67, 0x65, 0x85,
            0xc4, 0x3a, 0x6b, 0xac, 0x6d, 0x4c, 0x86, 0x10, 0x38, 0x21, 0xa6, 0x5c, 0x47, 0x63,
            0x60, 0x46, 0x6a, 0x13,
        ],
    ),
    (
        "drop_unchained_merkle_shreds",
        [
            0x40, 0x20, 0xfb, 0xe2, 0x35, 0xb3, 0xf6, 0x28, 0x09, 0x7d, 0x56, 0x40, 0x5b, 0xea,
            0xc3, 0x7a, 0xba, 0x14, 0x9f, 0xee, 0xf5, 0xc5, 0x5a, 0x83, 0xf5, 0x67, 0xbb, 0xa9,
            0xee, 0x8c, 0xd3, 0xdd,
        ],
    ),
    (
        "verify_retransmitter_signature",
        [
            0x3b, 0x8e, 0xa0, 0xc8, 0x5b, 0x51, 0xf1, 0x39, 0x8a, 0xd4, 0xf3, 0xf5, 0x34, 0x19,
            0x3d, 0xde, 0x75, 0xf2, 0x2e, 0x18, 0x6b, 0x4b, 0x21, 0xdc, 0x05, 0xa0, 0xdc, 0xfb,
            0xd0, 0x06, 0xfc, 0x73,
        ],
    ),
    (
        "enable_turbine_extended_fanout_experiments",
        [
            0x0d, 0x4c, 0x62, 0x79, 0xd8, 0xcc, 0xef, 0x78, 0x65, 0x4f, 0x1e, 0xcc, 0x95, 0x3e,
            0xad, 0xbb, 0x36, 0x1c, 0x4e, 0xaf, 0x0f, 0x1f, 0x18, 0xb6, 0xa6, 0xd1, 0xc1, 0xfb,
            0x98, 0x6f, 0xe1, 0xa9,
        ],
    ),
    (
        "vote_only_retransmitter_signed_fec_sets",
        [
            0x06, 0x51, 0x2b, 0xe1, 0x3a, 0x96, 0x4f, 0x49, 0x50, 0xb7, 0xac, 0x06, 0xb0, 0x90,
            0x4d, 0x04, 0xbb, 0xbf, 0x29, 0xc7, 0x0c, 0x01, 0xf6, 0x52, 0x11, 0x2b, 0x02, 0xfa,
            0x13, 0x90, 0x98, 0x76,
        ],
    ),
    (
        "mask_out_rent_epoch_in_vm_serialization",
        [
            0x06, 0x35, 0x10, 0xb8, 0x8d, 0xba, 0x0a, 0x21, 0x00, 0x8d, 0x28, 0x53, 0xaf, 0xe3,
            0xa7, 0x61, 0x15, 0x06, 0x67, 0x97, 0x6d, 0x00, 0x38, 0x42, 0x50, 0xb5, 0x71, 0xf9,
            0x6a, 0x30, 0x65, 0xf7,
        ],
    ),
    (
        "disable_zk_elgamal_proof_program",
        [
            0x0e, 0xcb, 0x71, 0x9e, 0x06, 0x4c, 0x3a, 0xec, 0xc3, 0xa9, 0x71, 0xb0, 0x61, 0x33,
            0x9b, 0x7e, 0xdc, 0x71, 0xc0, 0x35, 0x81, 0x8f, 0xf0, 0x0a, 0xb0, 0x53, 0x46, 0xaa,
            0x28, 0xd7, 0x0b, 0xe1,
        ],
    ),
    (
        "reenable_zk_elgamal_proof_program",
        [
            0x0e, 0xcb, 0x77, 0x6b, 0x04, 0xa2, 0x9f, 0x2e, 0x94, 0xf0, 0x15, 0xf1, 0xf4, 0x36,
            0x93, 0xe8, 0xe5, 0x37, 0xb1, 0x87, 0xba, 0x4a, 0x89, 0xcd, 0x46, 0xcb, 0x0a, 0x41,
            0xf7, 0x8f, 0x43, 0xd9,
        ],
    ),
    (
        "formalize_loaded_transaction_data_size",
        [
            0xbb, 0xe3, 0x22, 0x72, 0x50, 0x76, 0x2f, 0xe7, 0x43, 0x75, 0x35, 0x06, 0xc2, 0x69,
            0x5a, 0x06, 0x5f, 0x21, 0xef, 0x12, 0xcf, 0x24, 0x33, 0x0e, 0x1a, 0xa7, 0x37, 0xbe,
            0x4b, 0xb8, 0xee, 0xb3,
        ],
    ),
    (
        "enable_extend_program_checked",
        [
            0xcf, 0x79, 0x46, 0xee, 0x3c, 0xf5, 0x25, 0x54, 0x0a, 0x0d, 0xdf, 0x28, 0xaa, 0x38,
            0x78, 0x29, 0x49, 0x4a, 0xbe, 0x6c, 0x15, 0x31, 0x49, 0x8d, 0xa0, 0xaa, 0x4d, 0x7e,
            0xf0, 0x72, 0x80, 0x00,
        ],
    ),
    (
        "require_static_nonce_account",
        [
            0x60, 0x72, 0xd6, 0xf8, 0xba, 0xbf, 0xe3, 0xa9, 0x21, 0x5b, 0x69, 0xfe, 0xc0, 0xa5,
            0x38, 0xd5, 0xb2, 0xf6, 0xdf, 0x47, 0xd8, 0xa8, 0x64, 0xfe, 0x01, 0x57, 0x49, 0x68,
            0xd3, 0xf6, 0xb9, 0x84,
        ],
    ),
    (
        "enable_vote_address_leader_schedule",
        [
            0x40, 0x02, 0x73, 0x40, 0x0f, 0xb3, 0x11, 0x37, 0x08, 0x32, 0x50, 0x92, 0x29, 0x6a,
            0x13, 0x68, 0xe5, 0xe5, 0xde, 0x04, 0x99, 0x41, 0x79, 0xc5, 0xa0, 0xdf, 0xd8, 0x45,
            0x51, 0x44, 0x24, 0x80,
        ],
    ),
    (
        "enshrine_slashing_program",
        [
            0x0c, 0xe8, 0xe3, 0x0a, 0x1b, 0x9d, 0x30, 0xc1, 0x5d, 0x98, 0x93, 0xa3, 0x19, 0x40,
            0xb4, 0xc8, 0x7f, 0x92, 0x5b, 0x24, 0x5e, 0x7a, 0xe6, 0xec, 0x6b, 0xe8, 0x87, 0xd5,
            0xaa, 0x22, 0xb2, 0x6d,
        ],
    ),
    (
        "raise_account_cu_limit",
        [
            0x0a, 0x79, 0xe3, 0x9b, 0x1a, 0xcc, 0x64, 0x5c, 0x8c, 0xdf, 0x47, 0xad, 0x61, 0x25,
            0x63, 0x73, 0xdd, 0xf4, 0xc7, 0x34, 0x54, 0x57, 0x6d, 0x36, 0x90, 0xbe, 0xfd, 0xd7,
            0x75, 0x72, 0x01, 0x7f,
        ],
    ),
    (
        "stricter_abi_and_runtime_constraints",
        [
            0x0c, 0xdc, 0xaa, 0x60, 0x4d, 0xd8, 0x04, 0x50, 0x19, 0x27, 0xdb, 0xa5, 0x2d, 0x2a,
            0x39, 0xcf, 0x51, 0xdb, 0xc9, 0xae, 0xd8, 0x06, 0xc9, 0xda, 0x36, 0x46, 0xb8, 0xf2,
            0x41, 0x40, 0x59, 0xed,
        ],
    ),
    (
        "account_data_direct_mapping",
        [
            0xa9, 0x99, 0x77, 0xe6, 0xb5, 0x9b, 0x63, 0x35, 0x90, 0xe7, 0x38, 0x63, 0x73, 0x13,
            0x44, 0x73, 0xb6, 0x2c, 0x57, 0xe4, 0xcb, 0x61, 0x87, 0x3e, 0xae, 0xb4, 0xfd, 0xe3,
            0xbc, 0x22, 0x14, 0x93,
        ],
    ),
    (
        "fix_alt_bn128_pairing_length_check",
        [
            0x08, 0xe9, 0x40, 0xc0, 0xc3, 0x42, 0x8a, 0xf0, 0xbd, 0x9d, 0x09, 0x80, 0xa6, 0xce,
            0x78, 0xcb, 0x1c, 0xc6, 0x57, 0x4e, 0x44, 0xfe, 0xf5, 0x52, 0xe7, 0x0c, 0x40, 0x70,
            0xe9, 0x51, 0xec, 0x74,
        ],
    ),
    (
        "poseidon_enforce_padding",
        [
            0x0c, 0x3e, 0xd9, 0x52, 0x45, 0xee, 0x7b, 0x8c, 0x8a, 0xaf, 0x88, 0xa2, 0x5e, 0x37,
            0x29, 0x76, 0x1d, 0xa5, 0xfb, 0xfa, 0x47, 0x48, 0xfd, 0xd4, 0x5a, 0xff, 0x2b, 0xb8,
            0xfa, 0xd3, 0x1c, 0x98,
        ],
    ),
    (
        "relax_intrabatch_account_locks",
        [
            0x34, 0x2b, 0x0f, 0xf3, 0x77, 0x8f, 0xe3, 0x99, 0x3b, 0x5a, 0xc5, 0xab, 0x87, 0xb5,
            0x93, 0xeb, 0xbe, 0x0c, 0xcc, 0xdd, 0x77, 0x66, 0x11, 0x5d, 0x6c, 0xfc, 0xa1, 0x1e,
            0x9b, 0x0e, 0x0f, 0xac,
        ],
    ),
    (
        "provide_instruction_data_offset_in_vm_r2",
        [
            0x49, 0xa8, 0x3f, 0xba, 0xb8, 0x02, 0x48, 0x7c, 0x34, 0x1e, 0x07, 0x66, 0xab, 0xd9,
            0x59, 0xba, 0x04, 0xfd, 0xce, 0xcc, 0xe6, 0xbf, 0xdf, 0xd4, 0xc6, 0xe1, 0x62, 0xec,
            0x0b, 0x10, 0x26, 0x6f,
        ],
    ),
    (
        "enforce_fixed_fec_set",
        [
            0x09, 0xeb, 0x83, 0xca, 0x11, 0x23, 0x2a, 0xab, 0x68, 0xe0, 0x9b, 0xa2, 0x2d, 0x5d,
            0xb1, 0x6e, 0x00, 0x68, 0x98, 0xc6, 0xa0, 0x8f, 0x40, 0x5b, 0x8e, 0x8c, 0xa3, 0xb4,
            0x30, 0x3c, 0xf6, 0x03,
        ],
    ),
    (
        "increase_cpi_account_info_limit",
        [
            0xef, 0x31, 0xcf, 0xa8, 0x88, 0x28, 0x79, 0x55, 0xd9, 0xb1, 0x72, 0x19, 0xda, 0x33,
            0x5d, 0x8e, 0x8b, 0x8f, 0x5e, 0x3f, 0x41, 0x49, 0xe5, 0x9a, 0x94, 0x65, 0xa6, 0x44,
            0xef, 0x9c, 0xa2, 0xf6,
        ],
    ),
    (
        "deprecate_rent_exemption_threshold",
        [
            0x0c, 0xb8, 0x30, 0xab, 0xeb, 0x2f, 0x79, 0xf4, 0x53, 0xf9, 0xb1, 0x27, 0x15, 0xb8,
            0x75, 0x56, 0xc4, 0x82, 0x1a, 0x67, 0xe0, 0x03, 0xa8, 0x07, 0x5e, 0x13, 0xa7, 0x58,
            0xdd, 0xf7, 0xa2, 0x1d,
        ],
    ),
    (
        "static_instruction_limit",
        [
            0x4b, 0x3e, 0xa0, 0x91, 0xa9, 0xb6, 0xb5, 0xda, 0x05, 0x3a, 0x32, 0x6f, 0x7c, 0x18,
            0xd9, 0x0d, 0x60, 0x87, 0x99, 0x76, 0xfb, 0xc6, 0x6f, 0x18, 0xc1, 0xfa, 0x37, 0x38,
            0x94, 0x41, 0xc1, 0xf9,
        ],
    ),
    (
        "vote_state_v4",
        [
            0xec, 0xfa, 0x3a, 0xf2, 0xab, 0xa3, 0x21, 0x89, 0x19, 0xf4, 0xc3, 0x4c, 0x05, 0xdf,
            0x88, 0xf0, 0x79, 0x57, 0x48, 0xf1, 0x3e, 0x35, 0x12, 0x0b, 0x7b, 0x56, 0xaa, 0xae,
            0x3f, 0xe9, 0x98, 0x58,
        ],
    ),
    (
        "alt_bn128_little_endian",
        [
            0x08, 0xe8, 0xaa, 0x0c, 0xd9, 0xdd, 0x0d, 0x64, 0x43, 0xd8, 0xe2, 0x10, 0x78, 0x48,
            0x9b, 0x29, 0x9a, 0xaa, 0x18, 0x6b, 0x5d, 0xbd, 0x70, 0xca, 0x27, 0xd8, 0x37, 0x59,
            0x39, 0x2a, 0x03, 0x56,
        ],
    ),
    (
        "enable_bls12_381_syscall",
        [
            0x08, 0xb6, 0xbc, 0x4b, 0x2f, 0xee, 0x11, 0x9e, 0x1b, 0x44, 0xd1, 0x6a, 0x49, 0x13,
            0x1a, 0x27, 0xbc, 0xe5, 0x5e, 0xb4, 0xe3, 0xae, 0x15, 0x5b, 0x28, 0x0a, 0x77, 0x38,
            0x47, 0xda, 0x4b, 0xdd,
        ],
    ),
    (
        "enable_alt_bn128_g2_syscalls",
        [
            0x08, 0xe8, 0xa4, 0x89, 0x6d, 0x65, 0x0f, 0x01, 0xb3, 0xde, 0x0b, 0xfd, 0x81, 0xec,
            0x55, 0x33, 0x87, 0x9d, 0x4f, 0x9f, 0xd5, 0x02, 0xb6, 0xa2, 0x50, 0xc6, 0xb9, 0xc5,
            0x6e, 0x10, 0xc5, 0xe6,
        ],
    ),
    (
        "switch_to_chacha8_turbine",
        [
            0xa7, 0xaf, 0x63, 0xf3, 0xce, 0xb1, 0x12, 0xfc, 0xc9, 0xd8, 0x71, 0xc1, 0x4e, 0x8f,
            0x17, 0x9e, 0xd0, 0x6f, 0x9b, 0x70, 0xf8, 0x41, 0x1a, 0x92, 0x9e, 0x48, 0x46, 0xb5,
            0x2a, 0x0e, 0x98, 0x0c,
        ],
    ),
    (
        "bls_pubkey_management_in_vote_account",
        [
            0x91, 0x4a, 0xed, 0x4f, 0x06, 0x90, 0x49, 0xe2, 0x5e, 0x23, 0xe0, 0x40, 0x1c, 0x0d,
            0xe5, 0x76, 0x01, 0x89, 0x67, 0xae, 0x10, 0x0d, 0x78, 0xf4, 0xfa, 0xb2, 0x4b, 0xb4,
            0x34, 0xdf, 0x2a, 0x32,
        ],
    ),
    (
        "relax_programdata_account_check_migration",
        [
            0x0c, 0xb8, 0x61, 0x19, 0x93, 0x8f, 0xce, 0xa5, 0xf4, 0x30, 0x8b, 0x2d, 0x20, 0xe5,
            0xf6, 0xdf, 0xe7, 0x66, 0x90, 0x8a, 0x06, 0xb4, 0x57, 0xaa, 0xa9, 0x0d, 0x88, 0xb6,
            0x2f, 0xd6, 0x4b, 0xa2,
        ],
    ),
    (
        "remove_simple_vote_from_cost_model",
        [
            0x12, 0xc0, 0xcc, 0x9e, 0x1c, 0x42, 0x5c, 0xf5, 0xc7, 0xde, 0x6c, 0x39, 0x5e, 0xc1,
            0xbf, 0xdc, 0x21, 0x5a, 0x01, 0x3e, 0x68, 0x94, 0x70, 0x0e, 0x15, 0xa2, 0x20, 0x46,
            0x17, 0x7a, 0xfb, 0x7b,
        ],
    ),
    (
        "limit_instruction_accounts",
        [
            0x52, 0xd1, 0xb6, 0xb3, 0x5a, 0x56, 0x28, 0x74, 0x22, 0x0c, 0xa4, 0x14, 0xc4, 0x5b,
            0xf8, 0xb5, 0x41, 0xa9, 0xab, 0xc4, 0xe9, 0x73, 0x7d, 0xf5, 0xc7, 0x62, 0x41, 0x5a,
            0x84, 0xd7, 0x5b, 0x33,
        ],
    ),
    (
        "validator_admission_ticket",
        [
            0x07, 0x36, 0xf2, 0xe3, 0x3a, 0x52, 0xff, 0xd2, 0x69, 0xb9, 0x98, 0xdc, 0x58, 0xcf,
            0x07, 0xc0, 0x35, 0xc3, 0x8a, 0x0e, 0xab, 0x82, 0xa0, 0x89, 0xb8, 0xb7, 0x5e, 0xc2,
            0x0f, 0xcb, 0x39, 0x97,
        ],
    ),
    // --- Upstream sync W018 (reference abb557c7, 2026-06-02): newly registered features ---
    (
        "commission_rate_in_basis_points",
        [
            0xcb, 0x2d, 0x5e, 0xc6, 0xdb, 0xd8, 0x88, 0xd3, 0xda, 0xf5, 0x45, 0x1b, 0x70, 0x19,
            0x53, 0x07, 0xdd, 0x79, 0xf6, 0xd3, 0x71, 0x9c, 0x8b, 0xe1, 0x53, 0x8d, 0x09, 0xaf,
            0x98, 0x5e, 0x6e, 0x14,
        ],
    ),
    (
        "create_account_allow_prefund",
        [
            0x57, 0x32, 0x9a, 0x9e, 0x7c, 0x9b, 0x2b, 0x63, 0xa6, 0xee, 0x98, 0xb8, 0x4a, 0x21,
            0x4e, 0xb2, 0x16, 0xce, 0x9d, 0x43, 0x32, 0xb5, 0x8c, 0x1c, 0x9c, 0xa4, 0x56, 0x8b,
            0xde, 0x3b, 0xa9, 0x14,
        ],
    ),
    (
        "define_ltds_fee_only_semantics",
        [
            0x04, 0xfb, 0xad, 0x24, 0xc6, 0x0e, 0x2a, 0x90, 0xb8, 0xa3, 0x51, 0xeb, 0x9a, 0xa6,
            0x3b, 0x69, 0x1b, 0xd3, 0x00, 0x63, 0x95, 0xc3, 0xd8, 0xfb, 0xd8, 0xa5, 0xef, 0xd6,
            0x92, 0xf1, 0x3f, 0xa0,
        ],
    ),
    (
        "delay_commission_updates",
        [
            0x5a, 0x97, 0x0f, 0x6d, 0x79, 0x4d, 0x43, 0xf5, 0x93, 0x88, 0x4b, 0xb9, 0xe2, 0xf1,
            0x18, 0x5f, 0xa3, 0x02, 0x70, 0xbe, 0x4c, 0xce, 0x7e, 0x21, 0x52, 0xc1, 0xb0, 0xad,
            0x2f, 0xf6, 0xcc, 0xd0,
        ],
    ),
    (
        "direct_account_pointers_in_program_input",
        [
            0x0c, 0x44, 0xec, 0x12, 0x55, 0x21, 0x26, 0x43, 0xc3, 0xaa, 0xb7, 0x2e, 0xab, 0x43,
            0x54, 0xb1, 0xb3, 0xab, 0xad, 0xef, 0xe3, 0x95, 0x02, 0xd3, 0xb7, 0xd1, 0x2e, 0x7f,
            0xb8, 0xa3, 0x41, 0xd0,
        ],
    ),
    (
        "disable_sbpf_v0_v1_v2_deployment",
        [
            0x96, 0x73, 0x7f, 0x9a, 0xb4, 0x9c, 0x39, 0xb0, 0xb7, 0x87, 0x52, 0xdb, 0x07, 0xef,
            0xee, 0xbf, 0xa6, 0xd1, 0x0c, 0x4f, 0xc4, 0xea, 0x72, 0xe2, 0x8d, 0x72, 0x22, 0xf0,
            0xea, 0xf4, 0xf4, 0x97,
        ],
    ),
    (
        "discard_unexpected_data_complete_shreds",
        [
            0x09, 0x68, 0x3f, 0x18, 0x94, 0x78, 0x40, 0x21, 0xfc, 0x16, 0xac, 0x9a, 0xba, 0x18,
            0x25, 0x43, 0x4d, 0x62, 0x51, 0x4c, 0x4c, 0xed, 0x53, 0x36, 0x8c, 0x79, 0xfd, 0xdf,
            0x52, 0xfb, 0x29, 0x01,
        ],
    ),
    (
        "enable_sha512_syscall",
        [
            0x0c, 0xd3, 0x90, 0x59, 0xed, 0x06, 0x42, 0x15, 0x11, 0xe5, 0x76, 0x8c, 0x1e, 0x16,
            0x42, 0xf4, 0x9c, 0xef, 0x1e, 0xab, 0xf4, 0xbe, 0x4e, 0xde, 0x46, 0x6f, 0x8a, 0x62,
            0x12, 0x69, 0xee, 0xd6,
        ],
    ),
    (
        "loader_v3_minimum_extend_program_size",
        [
            0x08, 0x18, 0x1e, 0xb9, 0x12, 0xa0, 0x56, 0xbe, 0x46, 0xe6, 0x2f, 0x6c, 0xd5, 0xe7,
            0x97, 0xde, 0x2a, 0xd0, 0x2b, 0xe0, 0x09, 0xa9, 0x01, 0x36, 0x6a, 0x7f, 0x33, 0x74,
            0x31, 0x4f, 0x47, 0xf6,
        ],
    ),
    (
        "replace_spl_token_with_p_token",
        [
            0x0c, 0x44, 0xe0, 0x0e, 0x03, 0x6f, 0xc8, 0xa4, 0xc4, 0x7e, 0xdb, 0x02, 0xb0, 0x8d,
            0xff, 0x3b, 0xc2, 0x2f, 0x04, 0x5a, 0x7d, 0x01, 0xa1, 0x00, 0x07, 0x1f, 0x85, 0x5f,
            0x21, 0x09, 0x7a, 0x6a,
        ],
    ),
    (
        "syscall_parameter_address_restrictions",
        [
            0xc4, 0x4c, 0x41, 0x01, 0x70, 0xb2, 0xbf, 0x14, 0xb6, 0xdf, 0xfe, 0x7b, 0x58, 0x42,
            0x2c, 0xee, 0x13, 0x69, 0x3b, 0x78, 0x92, 0x2a, 0x58, 0x3e, 0xc1, 0x18, 0xee, 0xb8,
            0x36, 0x70, 0x77, 0xb8,
        ],
    ),
    (
        "upgrade_bpf_stake_program_to_v5",
        [
            0x06, 0x85, 0xc2, 0x21, 0x7b, 0x6f, 0xe2, 0xfd, 0xf5, 0x4a, 0x2b, 0x39, 0xb4, 0x1c,
            0xd6, 0x0e, 0xa5, 0x0e, 0xf1, 0x99, 0xf3, 0xb3, 0xfe, 0x13, 0x36, 0x50, 0x43, 0x15,
            0x2c, 0xbb, 0x3d, 0xf3,
        ],
    ),
    (
        "validate_chained_block_id",
        [
            0x0d, 0xbc, 0x3b, 0x61, 0x39, 0xea, 0x5b, 0x7f, 0xaf, 0xf2, 0x76, 0x43, 0x0d, 0x88,
            0xc7, 0xa7, 0xb1, 0x87, 0x26, 0x38, 0x0f, 0xf1, 0x91, 0xe7, 0xf6, 0x4a, 0xdb, 0xbf,
            0x52, 0xf2, 0x1b, 0x26,
        ],
    ),
    (
        "validate_chained_block_id_2",
        [
            0x0d, 0xbc, 0x3b, 0x68, 0xa2, 0x90, 0x42, 0x94, 0x71, 0x68, 0x24, 0xf6, 0xad, 0x2a,
            0x32, 0xe9, 0x49, 0x30, 0x42, 0xa3, 0x80, 0x46, 0x91, 0x94, 0x6c, 0x28, 0x18, 0x33,
            0xcd, 0x6f, 0x71, 0x55,
        ],
    ),
    (
        "virtual_address_space_adjustments",
        [
            0x01, 0xa9, 0xeb, 0x3a, 0x1c, 0x9f, 0x2f, 0xce, 0xe8, 0xc0, 0xcd, 0xb8, 0xed, 0x0e,
            0x11, 0x05, 0xc7, 0x11, 0xe8, 0x8a, 0xf9, 0xbc, 0x53, 0x87, 0x31, 0xd1, 0x6f, 0x54,
            0xa0, 0x7d, 0x7d, 0x2f,
        ],
    ),
];

/// Number of features whose behavior has been hardcoded into the runtime.
pub const CLEANED_UP_COUNT: usize = 186;

/// Sorted list of feature names that have been cleaned up (hardcoded).
/// These features are always active regardless of on-chain state.
const CLEANED_UP_FEATURES: [&str; CLEANED_UP_COUNT] = [
    "account_hash_ignore_slot",
    "accounts_lt_hash",
    "add_compute_budget_program",
    "add_get_minimum_delegation_instruction_to_stake_program",
    "add_get_processed_sibling_instruction_syscall",
    "add_new_reserved_account_keys",
    "add_set_compute_unit_price_ix",
    "add_set_tx_loaded_accounts_data_size_instruction",
    "add_shred_type_to_shred_seed",
    "allow_commission_decrease_at_any_time",
    "allow_votes_to_directly_update_vote_state",
    "apply_cost_tracker_during_replay",
    "bank_transaction_count_fix",
    "better_error_codes_for_tx_lamport_check",
    "cap_accounts_data_allocations_per_transaction",
    "cap_bpf_program_instruction_accounts",
    "cap_transaction_accounts_data_size",
    "check_init_vote_data",
    "check_physical_overlapping",
    "check_slice_translation_size",
    "check_syscall_outputs_do_not_overlap",
    "checked_arithmetic_in_fee_validation",
    "clean_up_delegation_errors",
    "commission_updates_only_allowed_in_first_half_of_epoch",
    "compact_vote_state_updates",
    "consume_blockstore_duplicate_proofs",
    "cost_model_requested_write_lock_cost",
    "credits_auto_rewind",
    "curve25519_restrict_msm_length",
    "dedupe_config_program_signers",
    "default_units_per_instruction",
    "delay_visibility_of_program_deployment",
    "demote_program_write_locks",
    "deprecate_rewards_sysvar",
    "deprecate_unused_legacy_vote_plumbing",
    "disable_account_loader_special_case",
    "disable_bpf_deprecated_load_instructions",
    "disable_bpf_loader_instructions",
    "disable_bpf_unresolved_symbols_at_runtime",
    "disable_builtin_loader_ownership_chains",
    "disable_cpi_setting_executable_and_rent_epoch",
    "disable_deploy_of_alloc_free_syscall",
    "disable_deprecated_loader",
    "disable_fee_calculator",
    "disable_fees_sysvar",
    "disable_partitioned_rent_collection",
    "disable_rehash_for_rent_epoch",
    "disable_rent_fees_collection",
    "disable_turbine_fanout_experiments",
    "do_support_realloc",
    "drop_legacy_shreds",
    "drop_redundant_turbine_path",
    "drop_unchained_merkle_shreds",
    "ed25519_precompile_verify_strict",
    "ed25519_program_enabled",
    "enable_bpf_loader_extend_program_ix",
    "enable_chained_merkle_shreds",
    "enable_durable_nonce",
    "enable_early_verification_of_account_modifications",
    "enable_gossip_duplicate_proof_ingestion",
    "enable_program_redeployment_cooldown",
    "enable_request_heap_frame_ix",
    "enable_tower_sync_ix",
    "enable_transaction_loading_failure_fees",
    "enable_turbine_fanout_experiments",
    "enforce_fixed_fec_set",
    "epoch_accounts_hash",
    "error_on_syscall_bpf_function_hash_collisions",
    "evict_invalid_stakes_cache_entries",
    "executables_incur_cpi_data_cost",
    "filter_stake_delegation_accounts",
    "filter_votes_outside_slot_hashes",
    "fix_alt_bn128_multiplication_input_length",
    "fix_recent_blockhashes",
    "fixed_memcpy_nonoverlapping_check",
    "full_inflation_vote",
    "include_account_index_in_rent_error",
    "incremental_snapshot_only_incremental_hash_calculation",
    "index_erasure_conflict_duplicate_proofs",
    "instructions_sysvar_owned_by_sysvar",
    "leave_nonce_on_success",
    "libsecp256k1_0_5_upgrade_enabled",
    "libsecp256k1_fail_on_bad_count",
    "libsecp256k1_fail_on_bad_count2",
    "limit_max_instruction_trace_length",
    "limit_secp256k1_recovery_id",
    "loosen_cpi_size_restriction",
    "mask_out_rent_epoch_in_vm_serialization",
    "max_tx_account_locks",
    "merge_nonce_error_into_system_error",
    "merkle_conflict_duplicate_proofs",
    "migrate_address_lookup_table_program_to_core_bpf",
    "migrate_config_program_to_core_bpf",
    "move_precompile_verification_to_svm",
    "move_serialized_len_ptr_in_cpi",
    "move_stake_and_move_lamports_ixs",
    "native_programs_consume_cu",
    "no_overflow_rent_distribution",
    "nonce_must_be_advanceable",
    "nonce_must_be_authorized",
    "nonce_must_be_writable",
    "on_load_preserve_rent_epoch_for_rent_exempt_accounts",
    "optimize_epoch_boundary_updates",
    "partitioned_epoch_rewards_superfeature",
    "preserve_rent_epoch_for_rent_exempt_accounts",
    "prevent_calling_precompiles_as_programs",
    "prevent_crediting_accounts_that_end_rent_paying",
    "prevent_rent_paying_rent_recipients",
    "quick_bail_on_panic",
    "raise_block_limits_to_50m",
    "record_instruction_in_transaction_context_push",
    "reduce_required_deploy_balance",
    "reject_callx_r10",
    "reject_empty_instruction_without_program",
    "reject_non_rent_exempt_vote_withdraws",
    "reject_vote_account_close_unless_zero_credit_epoch",
    "relax_authority_signer_check_for_lookup_table_creation",
    "remove_accounts_delta_hash",
    "remove_accounts_executable_flag_checks",
    "remove_bpf_loader_incorrect_program_id",
    "remove_congestion_multiplier_from_fee_calculation",
    "remove_deprecated_request_unit_ix",
    "remove_native_loader",
    "remove_rounding_in_fee_calculation",
    "rent_for_sysvars",
    "requestable_heap_size",
    "require_custodian_for_locked_stake_authorize",
    "require_rent_exempt_accounts",
    "require_rent_exempt_split_destination",
    "require_static_program_ids_in_transaction",
    "reserve_minimal_cus_for_builtin_instructions",
    "return_data_syscall_enabled",
    "revise_turbine_epoch_stakes",
    "reward_full_priority_fee",
    "round_up_heap_size",
    "secp256k1_program_enabled",
    "secp256k1_recover_syscall_enabled",
    "send_to_tpu_vote_port",
    "separate_nonce_from_blockhash",
    "set_exempt_rent_epoch_max",
    "simplify_alt_bn128_syscall_error_codes",
    "simplify_writable_program_account_check",
    "skip_rent_rewrites",
    "snapshots_lt_hash",
    "sol_log_data_syscall_enabled",
    "spl_associated_token_account_v1_0_4",
    "spl_associated_token_account_v1_1_0",
    "spl_token_v2_multisig_fix",
    "spl_token_v2_self_transfer_fix",
    "spl_token_v2_set_authority_fix",
    "spl_token_v3_3_0_release",
    "spl_token_v3_4_0",
    "stake_allow_zero_undelegated_amount",
    "stake_deactivate_delinquent_instruction",
    "stake_merge_with_unmatched_credits_observed",
    "stake_program_advance_activating_credits_observed",
    "stake_split_uses_rent_sysvar",
    "stakes_remove_delegation_if_inactive",
    "static_instruction_limit",
    "stop_sibling_instruction_search_at_parent",
    "stop_truncating_strings_in_syscalls",
    "switch_to_new_elf_parser",
    "syscall_saturated_math",
    "system_transfer_zero_check",
    "timely_vote_credits",
    "tx_wide_compute_cap",
    "update_hashes_per_tick",
    "update_hashes_per_tick2",
    "update_hashes_per_tick3",
    "update_hashes_per_tick4",
    "update_hashes_per_tick5",
    "update_hashes_per_tick6",
    "update_rewards_from_cached_accounts",
    "update_syscall_base_costs",
    "use_default_units_in_fee_calculation",
    "validate_fee_collector_account",
    "verify_tx_signatures_len",
    "versioned_tx_message_enabled",
    "vote_authorize_with_seed",
    "vote_only_full_fec_sets",
    "vote_stake_checked_instructions",
    "vote_state_add_vote_latency",
    "vote_state_update_credit_per_dequeue",
    "vote_state_update_root_fix",
    "vote_withdraw_authority_may_change_authorized_voter",
    "warp_timestamp_with_a_vengeance",
];

/// Check whether a feature name has been cleaned up (behavior hardcoded).
pub fn is_cleaned_up(name: &str) -> bool {
    CLEANED_UP_FEATURES.binary_search(&name).is_ok()
}

/// Look up a feature pubkey by its protocol name.
///
/// Returns the protocol-assigned pubkey for the given feature name,
/// or `None` if the feature is not in the registry.
pub fn feature_id(name: &str) -> Option<Pubkey> {
    FEATURE_REGISTRY
        .iter()
        .find(|(n, _)| *n == name)
        .map(|(_, bytes)| Pubkey::new(*bytes))
}

/// Look up a feature pubkey by name, panicking if not found.
///
/// Convenience wrapper for tests and initialization code where
/// the feature name is known to be valid.
pub fn feature_id_expect(name: &str) -> Pubkey {
    feature_id(name).unwrap_or_else(|| panic!("unknown feature: {}", name))
}

/// Check whether a given pubkey corresponds to any known feature.
pub fn is_known_feature(pubkey: &Pubkey) -> bool {
    FEATURE_REGISTRY
        .iter()
        .any(|(_, bytes)| pubkey.as_bytes() == bytes)
}

/// Get the feature name for a given pubkey, if it is a known feature.
pub fn feature_name(pubkey: &Pubkey) -> Option<&'static str> {
    FEATURE_REGISTRY
        .iter()
        .find(|(_, bytes)| pubkey.as_bytes() == bytes)
        .map(|(name, _)| *name)
}

/// Build a list of all known feature activations.
///
/// Returns one `FeatureActivation` per registry entry with `activation_slot: None`.
pub fn all_known_features() -> Vec<FeatureActivation> {
    FEATURE_REGISTRY
        .iter()
        .map(|(name, bytes)| FeatureActivation {
            feature_id: Pubkey::new(*bytes),
            activation_slot: None,
            description: name,
            cleaned_up: is_cleaned_up(name),
        })
        .collect()
}

// --- Named accessors for commonly referenced features ---
//
// These provide ergonomic access to frequently used feature pubkeys
// without string-based lookup overhead.

pub fn deprecate_rewards_sysvar() -> Pubkey {
    Pubkey::new([
        0xe7, 0x5f, 0xc6, 0x7c, 0x5f, 0x30, 0x77, 0x25, 0xb6, 0x9e, 0x15, 0xbc, 0x0f, 0xd3, 0x26,
        0x29, 0x0b, 0x7c, 0x02, 0x21, 0xaf, 0x9b, 0x5a, 0x1d, 0xfe, 0xac, 0x67, 0x40, 0x80, 0x67,
        0x4c, 0x3a,
    ])
}

pub fn pico_inflation() -> Pubkey {
    Pubkey::new([
        0x32, 0xda, 0x36, 0xc8, 0x6b, 0xd3, 0x95, 0x70, 0x85, 0x28, 0x50, 0xc5, 0x40, 0xb6, 0xea,
        0xeb, 0xda, 0xf1, 0xca, 0x6d, 0x30, 0x85, 0x46, 0x37, 0x34, 0xa2, 0x73, 0x4c, 0xd7, 0xb3,
        0x83, 0x80,
    ])
}

pub fn devnet_and_testnet() -> Pubkey {
    Pubkey::new([
        0xb8, 0xf9, 0x9d, 0x82, 0x20, 0x0f, 0x99, 0x8b, 0x98, 0xc4, 0x89, 0xbc, 0x09, 0x52, 0xdf,
        0x91, 0x9e, 0xf2, 0xb5, 0x9b, 0xe9, 0xf7, 0x54, 0xee, 0xea, 0x83, 0x26, 0x25, 0x63, 0xbb,
        0xec, 0x05,
    ])
}

pub fn full_inflation_vote() -> Pubkey {
    Pubkey::new([
        0xa3, 0x3a, 0x7e, 0xd2, 0x59, 0x88, 0xe1, 0x47, 0x3f, 0x2d, 0xd4, 0xb8, 0xd8, 0x11, 0xea,
        0x38, 0x4d, 0xf8, 0x81, 0x37, 0x10, 0xd2, 0x32, 0xe0, 0xaf, 0xc1, 0x60, 0x43, 0xf1, 0xbf,
        0xbf, 0xac,
    ])
}

pub fn full_inflation_enable() -> Pubkey {
    Pubkey::new([
        0x60, 0xf1, 0x06, 0xaa, 0x86, 0x1f, 0x57, 0xe7, 0x69, 0x46, 0x83, 0x60, 0x05, 0x72, 0x0e,
        0x3a, 0xe9, 0xfb, 0xb0, 0x6b, 0xb0, 0x66, 0x90, 0xe6, 0x29, 0xa6, 0x61, 0x92, 0x93, 0xbe,
        0x01, 0x7d,
    ])
}

pub fn secp256k1_program_enabled() -> Pubkey {
    Pubkey::new([
        0xc1, 0xc4, 0x49, 0x57, 0x9c, 0x05, 0x24, 0xd9, 0xe1, 0x68, 0xa6, 0x5a, 0x60, 0xd6, 0x93,
        0x3f, 0x7a, 0xfc, 0x55, 0x08, 0x10, 0xf6, 0x46, 0x64, 0x97, 0x01, 0xc4, 0x7e, 0x18, 0x6d,
        0x5b, 0x35,
    ])
}

pub fn spl_token_v2_multisig_fix() -> Pubkey {
    Pubkey::new([
        0xc2, 0x42, 0x47, 0x80, 0xbd, 0x67, 0x99, 0x15, 0xf7, 0x8a, 0x1c, 0x2d, 0xbb, 0x79, 0x78,
        0x72, 0x57, 0x8d, 0x17, 0xc3, 0x31, 0x54, 0x76, 0x9b, 0x95, 0x50, 0x53, 0x22, 0x88, 0x28,
        0x61, 0x83,
    ])
}

pub fn no_overflow_rent_distribution() -> Pubkey {
    Pubkey::new([
        0x37, 0xcc, 0xe6, 0x49, 0xe2, 0xfe, 0x41, 0x1d, 0x3a, 0xe6, 0xbc, 0x60, 0x13, 0x4d, 0x6f,
        0xde, 0xfe, 0xa7, 0x6d, 0x00, 0xbf, 0x5c, 0x39, 0x18, 0x30, 0x8f, 0xe0, 0x0c, 0x54, 0x97,
        0x7d, 0x45,
    ])
}

pub fn filter_stake_delegation_accounts() -> Pubkey {
    Pubkey::new([
        0xe2, 0x3b, 0x63, 0x48, 0xdf, 0xee, 0xd8, 0xa6, 0xb1, 0xa0, 0x60, 0x8e, 0x76, 0xaf, 0x9e,
        0xac, 0x8f, 0x04, 0x44, 0xb4, 0xc5, 0x26, 0xcb, 0x0d, 0x0e, 0xaf, 0xf2, 0xa6, 0x51, 0xbb,
        0xd6, 0x5b,
    ])
}

pub fn require_custodian_for_locked_stake_authorize() -> Pubkey {
    Pubkey::new([
        0xb3, 0x41, 0x74, 0x3e, 0x7f, 0x9c, 0xb7, 0x65, 0xa1, 0x86, 0x5b, 0xac, 0x72, 0x3a, 0x52,
        0xcf, 0xbe, 0x72, 0x16, 0xea, 0x00, 0x36, 0xae, 0x50, 0xca, 0x19, 0xe6, 0x37, 0xfa, 0x7a,
        0x7a, 0x4e,
    ])
}

pub fn spl_token_v2_self_transfer_fix() -> Pubkey {
    Pubkey::new([
        0x99, 0x7c, 0x1c, 0x87, 0xf2, 0x9a, 0x94, 0x51, 0x7f, 0x02, 0x2a, 0x51, 0x9c, 0xb9, 0xee,
        0xd4, 0xac, 0xd0, 0x86, 0xdf, 0xad, 0x15, 0xee, 0xce, 0xbb, 0x56, 0x25, 0xd7, 0x26, 0x2e,
        0xf8, 0x28,
    ])
}

pub fn warp_timestamp_again() -> Pubkey {
    Pubkey::new([
        0xec, 0x81, 0xa2, 0x94, 0x94, 0x89, 0xa4, 0xfa, 0xeb, 0xca, 0x4d, 0xb5, 0x9a, 0x5f, 0x29,
        0x03, 0x7b, 0xbb, 0x84, 0x7e, 0x8a, 0x53, 0xfb, 0x72, 0xe2, 0x35, 0x5d, 0xce, 0xa5, 0xdc,
        0x04, 0xb2,
    ])
}

pub fn check_init_vote_data() -> Pubkey {
    Pubkey::new([
        0x26, 0xd6, 0xbf, 0x1a, 0x22, 0x53, 0xab, 0x30, 0xc7, 0xee, 0x40, 0x65, 0x9c, 0xa3, 0x5d,
        0xd9, 0x95, 0x33, 0x6d, 0x11, 0x41, 0x80, 0x06, 0x9c, 0x93, 0xce, 0xf1, 0xf6, 0xa0, 0x90,
        0x19, 0xee,
    ])
}

pub fn secp256k1_recover_syscall_enabled() -> Pubkey {
    Pubkey::new([
        0x50, 0xad, 0x03, 0x00, 0xb1, 0xb2, 0xb8, 0x4a, 0x95, 0x65, 0xa6, 0x37, 0x8b, 0x00, 0x7a,
        0x9b, 0x20, 0xae, 0xd5, 0x18, 0x05, 0xfc, 0xaf, 0x8f, 0xfa, 0x0e, 0x59, 0x87, 0x5e, 0x6c,
        0x15, 0xb5,
    ])
}

pub fn system_transfer_zero_check() -> Pubkey {
    Pubkey::new([
        0xa1, 0x40, 0x32, 0xb0, 0x82, 0x73, 0xf9, 0xe8, 0xbf, 0x3e, 0xb7, 0x3f, 0x14, 0x51, 0x73,
        0x4e, 0xe3, 0x13, 0x42, 0xeb, 0x1f, 0xb7, 0xb8, 0x7f, 0x9b, 0x61, 0x6b, 0xeb, 0xe3, 0xdb,
        0xe9, 0x77,
    ])
}

pub fn blake3_syscall_enabled() -> Pubkey {
    Pubkey::new([
        0xf4, 0x84, 0xea, 0xee, 0xb8, 0xa4, 0x94, 0xe9, 0x28, 0x63, 0x46, 0xac, 0x46, 0x52, 0xff,
        0x97, 0xa2, 0xca, 0x0d, 0x75, 0x29, 0xce, 0x59, 0x81, 0x14, 0x6e, 0x83, 0x07, 0x1f, 0x14,
        0x9d, 0xb2,
    ])
}

pub fn dedupe_config_program_signers() -> Pubkey {
    Pubkey::new([
        0x73, 0x15, 0x7f, 0xdd, 0x92, 0xe0, 0xa1, 0x10, 0xaa, 0xbb, 0x79, 0xc2, 0x61, 0x81, 0x1e,
        0xd2, 0xf7, 0xd5, 0x72, 0x9c, 0x19, 0xd7, 0x3e, 0x17, 0xd0, 0xbb, 0xb0, 0x23, 0xa7, 0x9d,
        0x86, 0xaf,
    ])
}

pub fn verify_tx_signatures_len() -> Pubkey {
    Pubkey::new([
        0xc8, 0x75, 0x24, 0x77, 0x9e, 0x25, 0xeb, 0xc6, 0xc2, 0x06, 0x09, 0x6b, 0xf5, 0x53, 0xcf,
        0x2f, 0x25, 0x71, 0x64, 0x39, 0xad, 0xd0, 0xa4, 0x0d, 0x97, 0xc8, 0xc1, 0x6d, 0x53, 0x94,
        0x30, 0xbd,
    ])
}

pub fn vote_stake_checked_instructions() -> Pubkey {
    Pubkey::new([
        0x9d, 0xad, 0xd7, 0x70, 0x49, 0x9c, 0xa6, 0xfb, 0x4b, 0x28, 0x5d, 0x39, 0x39, 0x90, 0x51,
        0xc6, 0xdc, 0xcf, 0x23, 0x49, 0xea, 0x0d, 0x57, 0x35, 0xe6, 0x4b, 0x0b, 0x8f, 0x11, 0x2e,
        0x5c, 0x6a,
    ])
}

pub fn rent_for_sysvars() -> Pubkey {
    Pubkey::new([
        0x99, 0x3e, 0x31, 0xa6, 0xc4, 0x08, 0xb5, 0xb5, 0x8f, 0xcf, 0x29, 0x40, 0xbb, 0x18, 0x48,
        0xd6, 0xb9, 0x5f, 0xdd, 0x02, 0xf5, 0x82, 0x52, 0x1d, 0x7f, 0x4c, 0x29, 0xb4, 0xdd, 0x9b,
        0x2d, 0x20,
    ])
}

pub fn libsecp256k1_0_5_upgrade_enabled() -> Pubkey {
    Pubkey::new([
        0xbc, 0xc4, 0xa0, 0xbf, 0x2a, 0x1d, 0xff, 0xab, 0xfb, 0x42, 0xa2, 0xef, 0x03, 0xf5, 0x22,
        0x58, 0x81, 0x49, 0xde, 0x86, 0x00, 0xff, 0x86, 0x83, 0xd1, 0x55, 0x96, 0x33, 0xb8, 0x1b,
        0x1e, 0xdc,
    ])
}

pub fn tx_wide_compute_cap() -> Pubkey {
    Pubkey::new([
        0x45, 0x1a, 0x12, 0x50, 0x21, 0xe1, 0x52, 0xa9, 0xef, 0xa5, 0xf0, 0xf1, 0x60, 0xbb, 0x15,
        0x33, 0x4f, 0x3b, 0xc0, 0x13, 0x88, 0x23, 0x17, 0xa3, 0x84, 0x55, 0xf3, 0xd5, 0x61, 0x09,
        0x27, 0xd4,
    ])
}

pub fn spl_token_v2_set_authority_fix() -> Pubkey {
    Pubkey::new([
        0xd6, 0xe1, 0x16, 0xa1, 0x46, 0x5c, 0x88, 0x62, 0xb2, 0x99, 0x24, 0x9c, 0x29, 0xf0, 0x9d,
        0x10, 0x50, 0x27, 0x40, 0xb8, 0xa7, 0x13, 0x6d, 0xde, 0x12, 0xef, 0x53, 0x75, 0x0e, 0x3a,
        0xe7, 0xc2,
    ])
}

pub fn merge_nonce_error_into_system_error() -> Pubkey {
    Pubkey::new([
        0x0e, 0xe6, 0x6e, 0xd3, 0x90, 0x03, 0x83, 0xd5, 0xa5, 0xb2, 0xec, 0xe6, 0xd8, 0xad, 0xa3,
        0x60, 0x5f, 0x4d, 0x2a, 0xb0, 0xdb, 0xab, 0xee, 0x2e, 0x9a, 0x94, 0x66, 0x54, 0x46, 0xd1,
        0x62, 0x36,
    ])
}

pub fn disable_fees_sysvar() -> Pubkey {
    Pubkey::new([
        0xfe, 0xfc, 0xaa, 0xcf, 0xc3, 0xaa, 0x00, 0xff, 0xf5, 0xe9, 0x30, 0x87, 0xf9, 0x49, 0x49,
        0x4b, 0x71, 0x4d, 0xd3, 0x7d, 0x4d, 0xc5, 0xd8, 0x2d, 0x5e, 0xa1, 0xcb, 0xec, 0x4d, 0xfb,
        0x49, 0x93,
    ])
}

pub fn stake_merge_with_unmatched_credits_observed() -> Pubkey {
    Pubkey::new([
        0x0b, 0x6f, 0xdf, 0x75, 0xce, 0xc4, 0x22, 0x6d, 0xdb, 0x7c, 0x88, 0xf7, 0xcd, 0x32, 0xb5,
        0x2f, 0xf4, 0x8f, 0xba, 0x47, 0xce, 0x7a, 0x0a, 0x83, 0xae, 0x0e, 0xfb, 0x11, 0x03, 0x9a,
        0x7e, 0x07,
    ])
}

pub fn zk_token_sdk_enabled() -> Pubkey {
    Pubkey::new([
        0x0e, 0xca, 0xbe, 0x52, 0x62, 0x63, 0x44, 0xd5, 0x41, 0x60, 0x53, 0x0c, 0x35, 0x83, 0xe3,
        0xa4, 0x81, 0x07, 0xdf, 0x19, 0x47, 0xbf, 0xf9, 0x4e, 0x80, 0x6b, 0x53, 0x88, 0x06, 0x46,
        0x9a, 0xdb,
    ])
}

pub fn curve25519_syscall_enabled() -> Pubkey {
    Pubkey::new([
        0x65, 0xdc, 0x35, 0xc6, 0x6f, 0x58, 0x1e, 0x4b, 0x7f, 0x4e, 0xe4, 0x3c, 0x60, 0x48, 0x03,
        0x3f, 0x33, 0x88, 0x72, 0x50, 0x61, 0x81, 0xf7, 0x08, 0x47, 0x16, 0x9a, 0x51, 0xb9, 0x72,
        0xd2, 0xe9,
    ])
}

pub fn versioned_tx_message_enabled() -> Pubkey {
    Pubkey::new([
        0x22, 0x78, 0xa2, 0xf5, 0x73, 0x65, 0xa4, 0x7c, 0x62, 0x3b, 0xfa, 0x86, 0xf3, 0x78, 0x94,
        0xac, 0x71, 0x21, 0xbc, 0x8c, 0x18, 0x53, 0xe7, 0xd5, 0xed, 0xee, 0xda, 0xec, 0xa7, 0x1f,
        0x59, 0xe7,
    ])
}

pub fn libsecp256k1_fail_on_bad_count() -> Pubkey {
    Pubkey::new([
        0x70, 0x98, 0xf0, 0x2f, 0xdb, 0x58, 0x69, 0x1a, 0xba, 0xa2, 0xec, 0x86, 0xb4, 0x8a, 0xcf,
        0x96, 0xea, 0x49, 0x69, 0xd6, 0x97, 0xe7, 0x06, 0xfa, 0x9b, 0x08, 0x12, 0x54, 0xf9, 0x3e,
        0x27, 0x92,
    ])
}

pub fn libsecp256k1_fail_on_bad_count2() -> Pubkey {
    Pubkey::new([
        0x3c, 0x48, 0x08, 0xa9, 0xa9, 0x6b, 0x76, 0x15, 0x09, 0x65, 0x48, 0xc5, 0x3b, 0x5c, 0x2d,
        0x94, 0xac, 0x24, 0xba, 0x3d, 0xe3, 0x96, 0xb4, 0xda, 0x47, 0x43, 0xf0, 0xfe, 0x52, 0xe3,
        0xdb, 0x01,
    ])
}

pub fn instructions_sysvar_owned_by_sysvar() -> Pubkey {
    Pubkey::new([
        0xee, 0x6e, 0xf9, 0xea, 0xd9, 0x55, 0x5c, 0x4b, 0x5b, 0x67, 0xec, 0x20, 0x84, 0x44, 0xe4,
        0xfb, 0x95, 0x77, 0xbc, 0x1e, 0x0e, 0xb2, 0xba, 0x54, 0x3f, 0xe7, 0x19, 0x5e, 0x90, 0xb3,
        0x10, 0x9a,
    ])
}

pub fn stake_program_advance_activating_credits_observed() -> Pubkey {
    Pubkey::new([
        0x06, 0x72, 0x68, 0x6a, 0x60, 0xe5, 0x62, 0xf1, 0x9c, 0x80, 0x56, 0xf7, 0x31, 0x18, 0x56,
        0x52, 0x03, 0x26, 0x9d, 0x1a, 0x9c, 0x5e, 0x42, 0xb7, 0x76, 0x73, 0x32, 0x21, 0xe7, 0x2c,
        0x86, 0xfe,
    ])
}

pub fn credits_auto_rewind() -> Pubkey {
    Pubkey::new([
        0x9b, 0x9b, 0xd1, 0xb9, 0xd4, 0x1e, 0xdd, 0x35, 0x8b, 0xcf, 0x42, 0x55, 0x5f, 0xc4, 0x5c,
        0xd0, 0x84, 0xfb, 0xa8, 0x2c, 0x6a, 0x16, 0xa5, 0x5e, 0x77, 0xb4, 0x86, 0xaf, 0x50, 0xa4,
        0x60, 0xbb,
    ])
}

pub fn demote_program_write_locks() -> Pubkey {
    Pubkey::new([
        0x21, 0x0f, 0x03, 0x96, 0x77, 0x13, 0xbf, 0x30, 0x1d, 0xb3, 0xfc, 0x8a, 0x64, 0xe0, 0xc6,
        0x24, 0x2c, 0xca, 0x69, 0x56, 0x80, 0x86, 0x96, 0x61, 0xfb, 0x6a, 0xe6, 0xba, 0xd8, 0x02,
        0x7a, 0x3d,
    ])
}

pub fn ed25519_program_enabled() -> Pubkey {
    Pubkey::new([
        0x56, 0x8a, 0x46, 0x9d, 0x0c, 0xe9, 0xec, 0xa5, 0xc0, 0x60, 0x9f, 0xa0, 0xf5, 0xe8, 0xc8,
        0xb3, 0xc1, 0xfb, 0xd8, 0xca, 0x84, 0xf9, 0xfa, 0xcd, 0x68, 0xcf, 0xba, 0xf1, 0xc7, 0x18,
        0x57, 0xb4,
    ])
}

pub fn return_data_syscall_enabled() -> Pubkey {
    Pubkey::new([
        0xc0, 0x3e, 0x8f, 0x61, 0x16, 0x40, 0x08, 0xf1, 0xfd, 0xa9, 0x49, 0x58, 0x8a, 0x4a, 0x53,
        0x0c, 0xb0, 0x4b, 0xb1, 0x0b, 0x46, 0xa7, 0x1e, 0x77, 0x15, 0xd5, 0x74, 0xcd, 0xf2, 0x3d,
        0xfc, 0x3c,
    ])
}

pub fn reduce_required_deploy_balance() -> Pubkey {
    Pubkey::new([
        0xc3, 0xe2, 0xb3, 0x5c, 0xd6, 0x3c, 0xbe, 0x92, 0x36, 0xe4, 0xbb, 0x17, 0x1e, 0xd7, 0x1a,
        0x11, 0x85, 0x1d, 0xeb, 0x1f, 0x6e, 0xec, 0x3c, 0x75, 0x98, 0x3c, 0xc1, 0x7d, 0x3c, 0x1c,
        0xf3, 0x3a,
    ])
}

pub fn sol_log_data_syscall_enabled() -> Pubkey {
    Pubkey::new([
        0x57, 0xc2, 0x46, 0x11, 0xf5, 0xd2, 0x02, 0xbd, 0xd6, 0xe0, 0x83, 0x46, 0xe7, 0x7d, 0xc9,
        0x21, 0x47, 0x32, 0x1b, 0x9f, 0xac, 0x5f, 0xf4, 0xf1, 0x68, 0x37, 0x3c, 0x07, 0x9a, 0xb7,
        0x8f, 0xcc,
    ])
}

pub fn stakes_remove_delegation_if_inactive() -> Pubkey {
    Pubkey::new([
        0xf1, 0x86, 0xf8, 0x9c, 0x94, 0xef, 0xd1, 0xfc, 0x05, 0x66, 0x9f, 0x41, 0xf1, 0x9e, 0x48,
        0xa4, 0x47, 0xb6, 0xf8, 0xd1, 0x26, 0xb6, 0x77, 0x7d, 0x87, 0xde, 0x1c, 0x74, 0xe0, 0x93,
        0xff, 0x11,
    ])
}

pub fn do_support_realloc() -> Pubkey {
    Pubkey::new([
        0x5a, 0x5e, 0x4f, 0xf5, 0xe1, 0x44, 0x2a, 0xee, 0xd4, 0xd2, 0xd4, 0x9e, 0x6c, 0x79, 0x96,
        0x42, 0x36, 0xd3, 0x54, 0x59, 0xc0, 0x34, 0x49, 0x13, 0xd5, 0xb6, 0xed, 0xb1, 0xdd, 0x17,
        0x55, 0xc8,
    ])
}

pub fn prevent_calling_precompiles_as_programs() -> Pubkey {
    Pubkey::new([
        0x2f, 0x17, 0x33, 0x1d, 0xb1, 0xc6, 0x48, 0xc5, 0xae, 0xfd, 0x61, 0x48, 0xb0, 0xca, 0xc9,
        0xf0, 0x3e, 0x42, 0xd4, 0x6f, 0x80, 0x44, 0x47, 0x92, 0xda, 0x04, 0x00, 0x72, 0xd1, 0xe8,
        0x0b, 0xaa,
    ])
}

pub fn optimize_epoch_boundary_updates() -> Pubkey {
    Pubkey::new([
        0x10, 0x28, 0xe6, 0xaf, 0xee, 0x77, 0xd2, 0xf1, 0x33, 0x5c, 0x08, 0x51, 0xf2, 0x30, 0x66,
        0x91, 0x71, 0x7e, 0x84, 0x6f, 0x76, 0xa3, 0x94, 0xaf, 0x67, 0xb1, 0x8c, 0x86, 0xf1, 0x40,
        0x4c, 0x40,
    ])
}

pub fn remove_native_loader() -> Pubkey {
    Pubkey::new([
        0xf4, 0x82, 0x43, 0xf9, 0xcd, 0x6a, 0xb8, 0xbd, 0x79, 0xb6, 0x7e, 0x15, 0x77, 0x72, 0x05,
        0xd6, 0xff, 0xb9, 0xef, 0x89, 0xf9, 0x64, 0xc1, 0xdc, 0x8c, 0xdb, 0xc7, 0xc3, 0x11, 0x03,
        0x40, 0x2c,
    ])
}

pub fn send_to_tpu_vote_port() -> Pubkey {
    Pubkey::new([
        0xa4, 0xa2, 0xa0, 0xaf, 0xed, 0x4a, 0x65, 0xa7, 0x9d, 0xa8, 0x3c, 0xf1, 0xc7, 0x77, 0xe0,
        0xd7, 0x25, 0xc6, 0x08, 0x60, 0x7c, 0x5b, 0xbb, 0xe3, 0x12, 0x19, 0xd8, 0x49, 0xad, 0xbc,
        0x86, 0xb4,
    ])
}

pub fn requestable_heap_size() -> Pubkey {
    Pubkey::new([
        0xa6, 0x7c, 0xcf, 0xd5, 0xf5, 0x8e, 0xb2, 0x3a, 0x0c, 0xcc, 0xa6, 0xc3, 0x5b, 0x15, 0x41,
        0x3b, 0x89, 0x47, 0xa2, 0xd7, 0x0e, 0x67, 0x2d, 0x02, 0xa3, 0x2a, 0x6a, 0xf1, 0x58, 0x9e,
        0x6f, 0xa2,
    ])
}

pub fn disable_fee_calculator() -> Pubkey {
    Pubkey::new([
        0x19, 0xc1, 0x13, 0x2c, 0x6a, 0xd5, 0x21, 0x90, 0x8f, 0x76, 0x04, 0xb4, 0xeb, 0x7e, 0x74,
        0xf4, 0xf0, 0x22, 0x7e, 0x6c, 0xe6, 0x35, 0xf2, 0xa9, 0xa9, 0xc7, 0xbb, 0x97, 0x0e, 0x99,
        0xe0, 0x66,
    ])
}

pub fn add_compute_budget_program() -> Pubkey {
    Pubkey::new([
        0x35, 0xd0, 0xac, 0xad, 0xb3, 0x34, 0x81, 0x2b, 0xc2, 0x6f, 0x22, 0x22, 0x73, 0xad, 0x66,
        0x01, 0xbb, 0xc9, 0x5e, 0x9b, 0xa8, 0x4f, 0x17, 0x8f, 0x46, 0x5d, 0xf2, 0x28, 0xa4, 0x04,
        0xf0, 0x6b,
    ])
}

pub fn nonce_must_be_writable() -> Pubkey {
    Pubkey::new([
        0x9f, 0x22, 0xa6, 0x0f, 0x43, 0x25, 0xec, 0x1c, 0x13, 0x1d, 0xfc, 0x40, 0x8a, 0x79, 0x56,
        0xd8, 0x87, 0x16, 0x30, 0x5c, 0xc8, 0xb8, 0xc0, 0x9b, 0x2d, 0x8d, 0xb7, 0x55, 0x7d, 0x84,
        0xc5, 0x7d,
    ])
}

pub fn spl_token_v3_3_0_release() -> Pubkey {
    Pubkey::new([
        0xdd, 0x49, 0x16, 0xe6, 0xf1, 0xc4, 0x8d, 0x4c, 0x6b, 0x98, 0xd4, 0x11, 0xea, 0x18, 0x15,
        0xbc, 0xef, 0x97, 0x90, 0x40, 0x59, 0xd7, 0x3d, 0x5a, 0xb9, 0xe9, 0x9a, 0x22, 0xf5, 0x12,
        0xe8, 0x55,
    ])
}

pub fn leave_nonce_on_success() -> Pubkey {
    Pubkey::new([
        0xc3, 0x0a, 0x76, 0x46, 0x54, 0x06, 0x9e, 0xe7, 0xfd, 0xe2, 0x47, 0xed, 0xe9, 0x44, 0x6b,
        0x05, 0x85, 0xe0, 0x92, 0x21, 0x63, 0x31, 0x88, 0xe4, 0x8c, 0x5a, 0x29, 0x0d, 0xe6, 0x01,
        0x10, 0x33,
    ])
}

pub fn reject_empty_instruction_without_program() -> Pubkey {
    Pubkey::new([
        0x82, 0x0b, 0x2c, 0xb4, 0x44, 0xcd, 0x63, 0x7a, 0x12, 0x05, 0x77, 0x50, 0xa2, 0x72, 0x55,
        0x41, 0x5e, 0x5f, 0x34, 0x66, 0xab, 0xbc, 0x0d, 0x72, 0x6e, 0x1e, 0x2b, 0x78, 0x5f, 0xec,
        0x19, 0xdb,
    ])
}

pub fn fixed_memcpy_nonoverlapping_check() -> Pubkey {
    Pubkey::new([
        0x1f, 0x18, 0xa1, 0x64, 0x25, 0xc5, 0x8b, 0x16, 0x22, 0xe0, 0x41, 0xcf, 0xbe, 0x3b, 0xbc,
        0x24, 0xfe, 0x3b, 0xc5, 0xea, 0x7d, 0xe5, 0x1d, 0x35, 0x34, 0x3c, 0xb6, 0x3d, 0xe8, 0x32,
        0xb4, 0xfc,
    ])
}

pub fn reject_non_rent_exempt_vote_withdraws() -> Pubkey {
    Pubkey::new([
        0x66, 0x75, 0x86, 0xfd, 0xae, 0x10, 0xf0, 0xe4, 0xe7, 0x44, 0x72, 0x25, 0xed, 0x6a, 0x21,
        0xf1, 0xc3, 0x9f, 0x3f, 0xcf, 0x58, 0xf0, 0x54, 0xbc, 0x98, 0x45, 0xbc, 0xf5, 0x37, 0x15,
        0x74, 0x7e,
    ])
}

pub fn evict_invalid_stakes_cache_entries() -> Pubkey {
    Pubkey::new([
        0xc6, 0x69, 0xa1, 0x8d, 0x1d, 0x65, 0x5d, 0xa8, 0x4f, 0x4c, 0x6b, 0x6b, 0x4b, 0xa2, 0x16,
        0x11, 0x68, 0x2b, 0xdf, 0x04, 0x2d, 0xb7, 0x92, 0xe0, 0xbd, 0x76, 0x7c, 0x55, 0x1a, 0x69,
        0xc2, 0xb2,
    ])
}

pub fn allow_votes_to_directly_update_vote_state() -> Pubkey {
    Pubkey::new([
        0xd9, 0xc8, 0x44, 0x04, 0x08, 0x9a, 0xc9, 0x7b, 0x21, 0x9b, 0x5e, 0x12, 0x1b, 0x56, 0x70,
        0xc5, 0xc4, 0xe2, 0x73, 0x67, 0x87, 0x69, 0x92, 0x78, 0x1e, 0xd0, 0xda, 0x67, 0xc6, 0x2e,
        0x6c, 0xf6,
    ])
}

pub fn cap_accounts_data_len() -> Pubkey {
    Pubkey::new([
        0x09, 0x1d, 0x90, 0xf1, 0x7c, 0x23, 0x03, 0x02, 0xed, 0xea, 0x26, 0xcc, 0xf4, 0x7f, 0xfa,
        0xeb, 0xef, 0x7e, 0x27, 0x9f, 0x24, 0x13, 0x11, 0xef, 0x36, 0x3a, 0x3a, 0x45, 0x04, 0x05,
        0xd7, 0x27,
    ])
}

pub fn max_tx_account_locks() -> Pubkey {
    Pubkey::new([
        0xa6, 0x31, 0x3c, 0x36, 0xed, 0x67, 0x8f, 0x7e, 0xef, 0xc9, 0x44, 0x42, 0xce, 0x35, 0x41,
        0x3c, 0x52, 0xba, 0x5b, 0xac, 0x0f, 0x39, 0x32, 0x63, 0x68, 0xae, 0x73, 0xed, 0x85, 0x07,
        0xc1, 0x9b,
    ])
}

pub fn require_rent_exempt_accounts() -> Pubkey {
    Pubkey::new([
        0x9f, 0xa8, 0xed, 0x33, 0x9c, 0x59, 0x8b, 0xf2, 0x53, 0x9b, 0xa2, 0x71, 0x37, 0xcd, 0x3d,
        0xd2, 0x01, 0x2c, 0x35, 0xa5, 0x17, 0x22, 0xc2, 0xec, 0x0e, 0x31, 0xe9, 0xa5, 0x67, 0xcd,
        0xa0, 0xcc,
    ])
}

pub fn filter_votes_outside_slot_hashes() -> Pubkey {
    Pubkey::new([
        0x27, 0xef, 0x52, 0xa3, 0x5a, 0x38, 0xed, 0xff, 0xf1, 0x6f, 0xe8, 0xd3, 0x7a, 0x86, 0x20,
        0x86, 0xce, 0x9e, 0x4c, 0xba, 0xac, 0x9a, 0xc7, 0x23, 0xdb, 0x4b, 0xe2, 0xaa, 0x59, 0x27,
        0x29, 0x0a,
    ])
}

pub fn update_syscall_base_costs() -> Pubkey {
    Pubkey::new([
        0x19, 0x20, 0xa1, 0x02, 0xee, 0xec, 0xad, 0x06, 0xa7, 0x5e, 0x1d, 0xde, 0x0a, 0xcf, 0xef,
        0xd1, 0xdb, 0x39, 0x73, 0x65, 0x8a, 0xa2, 0x8e, 0x23, 0x01, 0x75, 0x83, 0xeb, 0x6d, 0xb7,
        0xa2, 0x3c,
    ])
}

pub fn stake_deactivate_delinquent_instruction() -> Pubkey {
    Pubkey::new([
        0x2d, 0x1d, 0xf6, 0xab, 0xa3, 0x87, 0x99, 0xd7, 0x59, 0x0a, 0x3e, 0x32, 0x5e, 0x95, 0xd2,
        0x09, 0x38, 0xfc, 0xde, 0x62, 0x68, 0x65, 0xe7, 0xd3, 0x6d, 0x58, 0xd3, 0x51, 0x2f, 0xaa,
        0x35, 0x1d,
    ])
}

pub fn stake_redelegate_instruction() -> Pubkey {
    Pubkey::new([
        0x13, 0x8c, 0xc9, 0x8d, 0x70, 0xc1, 0x6f, 0xd5, 0xd7, 0x6b, 0xb7, 0x3b, 0xbe, 0x7d, 0x24,
        0x10, 0xb9, 0x97, 0x59, 0xf3, 0xc7, 0xf6, 0x2d, 0x3e, 0xf1, 0x91, 0x44, 0x64, 0x85, 0x5b,
        0xc4, 0xa3,
    ])
}

pub fn vote_withdraw_authority_may_change_authorized_voter() -> Pubkey {
    Pubkey::new([
        0x8d, 0x0a, 0x1d, 0xa1, 0x3d, 0x86, 0x7a, 0x31, 0x73, 0x4d, 0xc2, 0x6f, 0xbd, 0x80, 0x15,
        0x55, 0x52, 0x82, 0x02, 0xd2, 0x57, 0x22, 0x82, 0x78, 0x99, 0xc6, 0xfe, 0x95, 0xf3, 0x51,
        0x7f, 0x7d,
    ])
}

pub fn spl_associated_token_account_v1_0_4() -> Pubkey {
    Pubkey::new([
        0xd8, 0x95, 0xd3, 0x92, 0x53, 0x47, 0xac, 0x96, 0x6d, 0x66, 0x87, 0x42, 0x26, 0xb1, 0x5b,
        0xa5, 0xa6, 0x9d, 0x36, 0x8c, 0x06, 0xd2, 0x22, 0x9c, 0x5e, 0xe4, 0x57, 0xff, 0x5d, 0x01,
        0x59, 0xc2,
    ])
}

pub fn reject_vote_account_close_unless_zero_credit_epoch() -> Pubkey {
    Pubkey::new([
        0x8a, 0xa3, 0x5d, 0x20, 0x73, 0xe2, 0x79, 0x94, 0x19, 0x3e, 0xf5, 0x2e, 0xad, 0xbf, 0x80,
        0x94, 0xd2, 0x35, 0x09, 0x3a, 0xbb, 0x3f, 0x8b, 0xd7, 0xf6, 0x30, 0x5b, 0x78, 0x14, 0xda,
        0x00, 0xe0,
    ])
}

pub fn add_get_processed_sibling_instruction_syscall() -> Pubkey {
    Pubkey::new([
        0xa7, 0x1b, 0x0d, 0xc3, 0xa8, 0xf3, 0x9e, 0xd8, 0x70, 0xe5, 0xd0, 0xbe, 0xa7, 0xee, 0x4c,
        0x46, 0xe6, 0x0b, 0x12, 0x14, 0x90, 0x14, 0x1b, 0x3c, 0x55, 0x32, 0x1e, 0x07, 0xc1, 0x10,
        0xda, 0xd3,
    ])
}

pub fn bank_transaction_count_fix() -> Pubkey {
    Pubkey::new([
        0x07, 0x60, 0x5e, 0xbb, 0x59, 0x63, 0x27, 0xe2, 0xef, 0x50, 0xf5, 0xc8, 0x99, 0xc3, 0x09,
        0xa6, 0xce, 0xf3, 0x0c, 0x41, 0x7c, 0xc6, 0x8e, 0xe4, 0xf0, 0xfd, 0xbd, 0xd8, 0x83, 0xfc,
        0x60, 0xe5,
    ])
}

pub fn disable_bpf_deprecated_load_instructions() -> Pubkey {
    Pubkey::new([
        0x25, 0x93, 0x52, 0x9b, 0xc1, 0x85, 0x23, 0xf0, 0x0b, 0xe7, 0x62, 0x26, 0xce, 0x45, 0xc6,
        0x2e, 0xcf, 0x5f, 0x8c, 0xf8, 0x25, 0x10, 0x00, 0xae, 0xbf, 0x40, 0xbe, 0xd7, 0x81, 0x5b,
        0x8a, 0x29,
    ])
}

pub fn disable_bpf_unresolved_symbols_at_runtime() -> Pubkey {
    Pubkey::new([
        0x3b, 0x27, 0x09, 0x56, 0xe4, 0x2a, 0x76, 0xf1, 0x7a, 0xbd, 0xf9, 0x24, 0x8a, 0x04, 0xe7,
        0xff, 0x6b, 0x3c, 0x1d, 0x0d, 0xa0, 0x75, 0xc1, 0x8c, 0x62, 0x42, 0x4e, 0x25, 0xbd, 0x62,
        0x6b, 0x47,
    ])
}

pub fn record_instruction_in_transaction_context_push() -> Pubkey {
    Pubkey::new([
        0x26, 0x3f, 0x79, 0xed, 0xbf, 0x52, 0xf4, 0xbf, 0x46, 0x8e, 0x6a, 0xfa, 0xc1, 0xd9, 0xe2,
        0x56, 0x9e, 0x5b, 0x68, 0x8d, 0x9a, 0xbf, 0x3d, 0xaf, 0x55, 0xd8, 0x5d, 0x34, 0xbb, 0x4d,
        0xd0, 0xd2,
    ])
}

pub fn syscall_saturated_math() -> Pubkey {
    Pubkey::new([
        0xfc, 0x4b, 0x96, 0xf7, 0x1d, 0xbd, 0x05, 0xe5, 0x16, 0xa8, 0x69, 0xd1, 0xb5, 0xfe, 0x2f,
        0xff, 0x89, 0x07, 0x77, 0x53, 0xc4, 0xe8, 0xaf, 0xc0, 0x7e, 0x30, 0x12, 0x7a, 0x35, 0x09,
        0x4b, 0x57,
    ])
}

pub fn check_physical_overlapping() -> Pubkey {
    Pubkey::new([
        0x0b, 0xa8, 0x23, 0x5d, 0x64, 0x8c, 0x28, 0x80, 0xec, 0x2d, 0xf5, 0x0a, 0x24, 0xaf, 0xfa,
        0x9f, 0xdf, 0xa8, 0x89, 0x04, 0x0c, 0xaf, 0x8c, 0x03, 0xcd, 0x21, 0xfe, 0x9e, 0x66, 0x53,
        0xa2, 0xec,
    ])
}

pub fn limit_secp256k1_recovery_id() -> Pubkey {
    Pubkey::new([
        0x63, 0x2d, 0x14, 0xe1, 0x8f, 0xb7, 0x9a, 0x49, 0xfc, 0x41, 0xbc, 0x56, 0xfe, 0xed, 0xac,
        0xc0, 0xa1, 0xcd, 0x00, 0x95, 0x52, 0x83, 0x9a, 0x6f, 0xb0, 0x62, 0x8f, 0xc7, 0x11, 0x1d,
        0xaa, 0x75,
    ])
}

pub fn disable_deprecated_loader() -> Pubkey {
    Pubkey::new([
        0xe5, 0xa7, 0x53, 0xe4, 0xca, 0xd6, 0x43, 0x9f, 0x64, 0x39, 0x5a, 0xd3, 0xc1, 0x4d, 0x38,
        0xe2, 0x1d, 0xc7, 0x04, 0xf1, 0xe7, 0xd8, 0x80, 0xf4, 0x0a, 0xbc, 0x86, 0x38, 0x5b, 0xf8,
        0x24, 0x5b,
    ])
}

pub fn check_slice_translation_size() -> Pubkey {
    Pubkey::new([
        0xea, 0x31, 0x4c, 0xd7, 0xc6, 0x76, 0x2f, 0x56, 0x21, 0x37, 0x60, 0xc0, 0x95, 0x4d, 0xc6,
        0x55, 0x29, 0x76, 0x96, 0x73, 0xc2, 0x70, 0x2a, 0x55, 0xc7, 0x47, 0x46, 0x59, 0xf0, 0x69,
        0xc8, 0xfc,
    ])
}

pub fn stake_split_uses_rent_sysvar() -> Pubkey {
    Pubkey::new([
        0xd6, 0x1b, 0x8a, 0xaf, 0x1d, 0xe7, 0x0a, 0xf7, 0x21, 0x06, 0xb5, 0x2b, 0x4b, 0x9b, 0x69,
        0xfd, 0x8d, 0x3b, 0x8a, 0x04, 0x45, 0xc3, 0xeb, 0xfc, 0x94, 0x08, 0x8a, 0xa2, 0xa4, 0xc7,
        0x91, 0xa6,
    ])
}

pub fn add_get_minimum_delegation_instruction_to_stake_program() -> Pubkey {
    Pubkey::new([
        0x06, 0xa1, 0x56, 0x4a, 0xbf, 0x71, 0x63, 0x7f, 0x4a, 0x66, 0x67, 0x62, 0x89, 0x18, 0x9b,
        0xd0, 0x9e, 0x04, 0x9b, 0x64, 0x09, 0xb6, 0xf0, 0x8a, 0x44, 0xd1, 0xf7, 0x57, 0xe6, 0x33,
        0x38, 0xea,
    ])
}

pub fn error_on_syscall_bpf_function_hash_collisions() -> Pubkey {
    Pubkey::new([
        0x68, 0x0b, 0x04, 0x8f, 0x62, 0x8e, 0xa5, 0x3c, 0x7f, 0xfa, 0x04, 0x93, 0xa4, 0xd2, 0x90,
        0xa0, 0xba, 0xc9, 0xbe, 0xa5, 0x4a, 0x03, 0xa8, 0x63, 0x01, 0xd7, 0xea, 0x4f, 0xa7, 0x0c,
        0x9e, 0xdc,
    ])
}

pub fn reject_callx_r10() -> Pubkey {
    Pubkey::new([
        0x23, 0x2d, 0x66, 0x6d, 0x5c, 0x7d, 0x78, 0x7e, 0xf9, 0x05, 0x90, 0x7b, 0x5c, 0x5b, 0xfe,
        0x99, 0xd2, 0x8a, 0x96, 0xc4, 0x37, 0xaa, 0x40, 0x2a, 0x06, 0x26, 0x72, 0x4e, 0xdd, 0x3c,
        0x7a, 0x10,
    ])
}

pub fn drop_redundant_turbine_path() -> Pubkey {
    Pubkey::new([
        0x2f, 0xd4, 0x72, 0x78, 0xb4, 0x96, 0xc4, 0xff, 0x58, 0x4b, 0x74, 0x4b, 0xfc, 0xec, 0x33,
        0x90, 0x63, 0xd1, 0x91, 0xe8, 0xd1, 0xa7, 0xad, 0x65, 0xd2, 0xe2, 0x5d, 0xb1, 0x03, 0x6f,
        0xd7, 0x8f,
    ])
}

pub fn executables_incur_cpi_data_cost() -> Pubkey {
    Pubkey::new([
        0x5d, 0x1d, 0x0e, 0x3f, 0xf1, 0x9b, 0xf2, 0x2b, 0x12, 0x4f, 0x82, 0xca, 0xb7, 0x35, 0x84,
        0x0f, 0x1f, 0x05, 0xfe, 0x3e, 0x75, 0x6d, 0x54, 0x84, 0x0a, 0x12, 0xc4, 0xa2, 0xb8, 0x85,
        0x18, 0x7e,
    ])
}

pub fn fix_recent_blockhashes() -> Pubkey {
    Pubkey::new([
        0x55, 0x0b, 0x57, 0x3f, 0x7d, 0x0a, 0x3a, 0x07, 0xc2, 0x58, 0x63, 0xc5, 0xbc, 0xda, 0x43,
        0x2c, 0x02, 0xa0, 0x84, 0x0b, 0x1e, 0x1a, 0x2d, 0xc5, 0x91, 0x1f, 0xa4, 0xe2, 0xb8, 0x7e,
        0x19, 0xda,
    ])
}

pub fn update_rewards_from_cached_accounts() -> Pubkey {
    Pubkey::new([
        0x10, 0xdf, 0x6b, 0x25, 0x2c, 0xe0, 0x6a, 0x4d, 0x0d, 0x81, 0x8a, 0xa7, 0xe1, 0x32, 0x72,
        0x78, 0x30, 0x7b, 0x44, 0x13, 0x29, 0x55, 0xff, 0x2c, 0x79, 0xa2, 0xca, 0x9d, 0xd3, 0x20,
        0xf3, 0x08,
    ])
}

pub fn spl_token_v3_4_0() -> Pubkey {
    Pubkey::new([
        0xdd, 0x49, 0x17, 0x14, 0x26, 0x0f, 0xf1, 0xe8, 0xa1, 0x87, 0xe0, 0x3b, 0x4b, 0x80, 0x5d,
        0xde, 0xd4, 0x52, 0xd3, 0x90, 0x4e, 0x14, 0x4c, 0xa2, 0xc5, 0x99, 0x39, 0x3f, 0x15, 0xf2,
        0x37, 0x85,
    ])
}

pub fn spl_associated_token_account_v1_1_0() -> Pubkey {
    Pubkey::new([
        0xd8, 0x95, 0xd3, 0x48, 0xf8, 0xc5, 0x2a, 0xe0, 0x2d, 0x94, 0xe2, 0xa0, 0xb7, 0x01, 0xe6,
        0xc8, 0x08, 0x15, 0xce, 0x93, 0x17, 0x76, 0x53, 0xa5, 0x4a, 0x7f, 0x1d, 0xc3, 0x19, 0xe2,
        0xfc, 0x7b,
    ])
}

pub fn default_units_per_instruction() -> Pubkey {
    Pubkey::new([
        0xfc, 0xf2, 0xfa, 0x30, 0x04, 0x5d, 0x28, 0x7b, 0x6c, 0xdc, 0x72, 0xa5, 0x33, 0xff, 0xa4,
        0x48, 0x5f, 0xe4, 0x00, 0x16, 0x31, 0x6c, 0x9a, 0x57, 0x33, 0x61, 0xcf, 0x2e, 0x29, 0x8d,
        0xbe, 0x57,
    ])
}

pub fn stake_allow_zero_undelegated_amount() -> Pubkey {
    Pubkey::new([
        0x0c, 0xec, 0xcf, 0x0f, 0x3b, 0x1d, 0xee, 0xf3, 0xfc, 0xd1, 0xac, 0x00, 0xdc, 0x3f, 0x98,
        0x31, 0xae, 0x6b, 0xa7, 0x87, 0x16, 0x47, 0x94, 0xa5, 0x77, 0xba, 0x87, 0x40, 0xf3, 0x28,
        0x84, 0x16,
    ])
}

pub fn require_static_program_ids_in_transaction() -> Pubkey {
    Pubkey::new([
        0x6b, 0xc1, 0xb6, 0x17, 0xc3, 0xb9, 0x0f, 0xfc, 0xe7, 0x7d, 0x80, 0xcb, 0x58, 0x53, 0x93,
        0xc8, 0xc5, 0x81, 0xd1, 0xbf, 0x89, 0xb2, 0xc7, 0x16, 0x31, 0x03, 0xc3, 0x63, 0x2f, 0x02,
        0xab, 0x89,
    ])
}

pub fn stake_raise_minimum_delegation_to_1_sol() -> Pubkey {
    Pubkey::new([
        0x82, 0xd9, 0xad, 0xdb, 0xe7, 0x11, 0x20, 0x56, 0x59, 0xa5, 0xb1, 0x4a, 0xfe, 0xf6, 0x66,
        0x04, 0x74, 0x73, 0x6a, 0x49, 0x2c, 0x1d, 0x3a, 0xa0, 0x92, 0x59, 0x3d, 0x03, 0x5c, 0xa8,
        0x16, 0x39,
    ])
}

pub fn stake_minimum_delegation_for_rewards() -> Pubkey {
    Pubkey::new([
        0x05, 0x4e, 0xdd, 0xc8, 0x7d, 0x10, 0x7d, 0x4d, 0x65, 0x06, 0x36, 0xbb, 0x7e, 0x5e, 0xfb,
        0x25, 0xa3, 0x04, 0x98, 0x22, 0x4e, 0xb5, 0x28, 0x1a, 0x44, 0x36, 0xa9, 0x4c, 0xc9, 0x97,
        0x68, 0x10,
    ])
}

pub fn add_set_compute_unit_price_ix() -> Pubkey {
    Pubkey::new([
        0x78, 0xe2, 0x1a, 0x43, 0xc1, 0x90, 0x64, 0x60, 0x36, 0x9e, 0x01, 0x54, 0xad, 0x41, 0x14,
        0x72, 0x2f, 0x6b, 0x2a, 0x43, 0xe7, 0x9b, 0x9a, 0x61, 0xcb, 0x4b, 0x37, 0xa1, 0x0c, 0x7f,
        0x4b, 0xd1,
    ])
}

pub fn disable_deploy_of_alloc_free_syscall() -> Pubkey {
    Pubkey::new([
        0x5b, 0x45, 0x71, 0x0e, 0x10, 0xc2, 0x51, 0xd1, 0xa1, 0x7a, 0xb4, 0x60, 0x29, 0x22, 0x23,
        0x9c, 0x36, 0x0c, 0xb7, 0x5a, 0xd9, 0x63, 0x42, 0x25, 0x23, 0x74, 0xd9, 0xdc, 0x01, 0xaa,
        0x52, 0x3a,
    ])
}

pub fn include_account_index_in_rent_error() -> Pubkey {
    Pubkey::new([
        0x15, 0x08, 0x72, 0xd0, 0x0b, 0x30, 0xdc, 0x2f, 0x0a, 0xe0, 0x27, 0x5b, 0x00, 0xb9, 0x34,
        0x35, 0x76, 0xf1, 0x2e, 0xe5, 0x53, 0x23, 0x9e, 0xf1, 0x7e, 0x55, 0xe1, 0xbd, 0x4a, 0x1e,
        0x56, 0x23,
    ])
}

pub fn add_shred_type_to_shred_seed() -> Pubkey {
    Pubkey::new([
        0xbf, 0x23, 0x52, 0x59, 0xab, 0x2e, 0x5c, 0x5a, 0x43, 0xb4, 0x18, 0xdc, 0x05, 0x95, 0x16,
        0xa5, 0xc8, 0x3d, 0xa3, 0x9e, 0x9e, 0x88, 0xca, 0x6d, 0x8e, 0xc7, 0x1c, 0x40, 0x7c, 0x3d,
        0x5c, 0x73,
    ])
}

pub fn warp_timestamp_with_a_vengeance() -> Pubkey {
    Pubkey::new([
        0x20, 0x69, 0x35, 0x80, 0x69, 0xe5, 0xa7, 0xdd, 0xf5, 0x01, 0xa4, 0xd3, 0x37, 0x7f, 0xa7,
        0xa6, 0x8a, 0xe9, 0x93, 0xe6, 0x74, 0x0b, 0x8d, 0xfd, 0x06, 0xfe, 0x26, 0xb0, 0x9e, 0xf4,
        0x76, 0xd9,
    ])
}

pub fn separate_nonce_from_blockhash() -> Pubkey {
    Pubkey::new([
        0xe8, 0x7f, 0x28, 0x34, 0x34, 0x97, 0x58, 0xc3, 0xd5, 0x36, 0xdd, 0x4f, 0x3c, 0xf7, 0xd8,
        0x91, 0x44, 0x51, 0x30, 0x6d, 0x32, 0x78, 0x42, 0x21, 0x40, 0x11, 0xb5, 0xd4, 0x8b, 0xf0,
        0xe5, 0xfb,
    ])
}

pub fn enable_durable_nonce() -> Pubkey {
    Pubkey::new([
        0x2f, 0xfb, 0x4c, 0x82, 0x5c, 0x65, 0x10, 0xe2, 0x50, 0x4f, 0x90, 0x65, 0x48, 0x8d, 0xe2,
        0x2b, 0x09, 0x14, 0x62, 0x13, 0xc9, 0x6e, 0x14, 0x9c, 0x7b, 0xce, 0x06, 0x85, 0x91, 0xf9,
        0x90, 0xbc,
    ])
}

pub fn vote_state_update_credit_per_dequeue() -> Pubkey {
    Pubkey::new([
        0xb1, 0x2e, 0xea, 0x6e, 0xdc, 0x3b, 0xcc, 0xc3, 0xcd, 0x65, 0x39, 0xa6, 0xbc, 0x49, 0x71,
        0x55, 0xd7, 0x36, 0xc5, 0xa3, 0xc2, 0xd9, 0x2f, 0x0d, 0x60, 0x9d, 0xcd, 0x37, 0xa5, 0x25,
        0x32, 0x3b,
    ])
}

pub fn quick_bail_on_panic() -> Pubkey {
    Pubkey::new([
        0xbe, 0x6a, 0x3c, 0x48, 0xaf, 0xd3, 0x58, 0x27, 0xf9, 0x55, 0x7f, 0x90, 0x79, 0xad, 0xad,
        0x74, 0x63, 0x47, 0x6f, 0x89, 0xe2, 0xd9, 0x43, 0x3a, 0xfb, 0x7f, 0x55, 0x53, 0xdc, 0xfc,
        0x44, 0x1c,
    ])
}

pub fn nonce_must_be_authorized() -> Pubkey {
    Pubkey::new([
        0xfc, 0x09, 0x9c, 0x57, 0xb1, 0x71, 0xe5, 0xb0, 0x13, 0x0d, 0xe7, 0xa4, 0x9b, 0x54, 0x05,
        0x3b, 0x8a, 0x0a, 0x7f, 0x93, 0xdb, 0xcc, 0x8f, 0x9f, 0x25, 0x7e, 0x27, 0xaf, 0xc1, 0xff,
        0x7d, 0xc3,
    ])
}

pub fn nonce_must_be_advanceable() -> Pubkey {
    Pubkey::new([
        0x2b, 0x0c, 0x1b, 0x75, 0x79, 0x07, 0x5d, 0xcb, 0x30, 0xc4, 0xca, 0x00, 0x3c, 0x94, 0xa9,
        0x5f, 0x14, 0xd9, 0x92, 0x5d, 0x87, 0xce, 0xba, 0x7e, 0x1f, 0xd5, 0xde, 0xb0, 0xe0, 0x90,
        0x50, 0x34,
    ])
}

pub fn vote_authorize_with_seed() -> Pubkey {
    Pubkey::new([
        0x57, 0x77, 0x45, 0x01, 0x4d, 0x65, 0x95, 0x57, 0x36, 0xf5, 0x6c, 0xdb, 0x68, 0x88, 0x1a,
        0x5f, 0x8a, 0x3e, 0xa7, 0xbb, 0xd2, 0xfb, 0x18, 0x68, 0x7f, 0xd8, 0xfc, 0xdd, 0x9b, 0xf2,
        0x18, 0xb8,
    ])
}

pub fn cap_accounts_data_size_per_block() -> Pubkey {
    Pubkey::new([
        0x0c, 0x8c, 0x43, 0xcc, 0xfb, 0xd3, 0x99, 0x67, 0xa0, 0x32, 0x30, 0xa0, 0x84, 0x7b, 0xfb,
        0x91, 0xed, 0xe2, 0x57, 0x36, 0xcb, 0xaf, 0xc0, 0x6a, 0x1c, 0x7a, 0x87, 0x88, 0xf5, 0x81,
        0xbb, 0x39,
    ])
}

pub fn preserve_rent_epoch_for_rent_exempt_accounts() -> Pubkey {
    Pubkey::new([
        0xf1, 0xd6, 0xf1, 0xbf, 0x8e, 0x54, 0x39, 0x44, 0x3d, 0x29, 0x52, 0xb0, 0xc4, 0x04, 0x6d,
        0xf4, 0x2f, 0x03, 0xeb, 0x95, 0xc3, 0x13, 0xbc, 0xad, 0x6c, 0x1b, 0x91, 0x0d, 0xe3, 0xbd,
        0x7c, 0x82,
    ])
}

pub fn enable_bpf_loader_extend_program_ix() -> Pubkey {
    Pubkey::new([
        0x70, 0x6d, 0x18, 0x65, 0x6d, 0x4b, 0x39, 0xe5, 0xf1, 0xf0, 0x6a, 0xaf, 0x74, 0xd6, 0x4c,
        0xc4, 0x75, 0xf9, 0x46, 0x4d, 0x36, 0x80, 0x64, 0xf1, 0x47, 0x00, 0xe9, 0xf2, 0x4e, 0x8b,
        0x12, 0x2d,
    ])
}

pub fn enable_early_verification_of_account_modifications() -> Pubkey {
    Pubkey::new([
        0x60, 0x7a, 0xb1, 0x3a, 0x4e, 0x8d, 0x68, 0x8f, 0x13, 0xba, 0xcf, 0xd0, 0x61, 0xb5, 0x93,
        0x07, 0x83, 0xc6, 0x06, 0x3d, 0x78, 0xe8, 0x67, 0x55, 0x90, 0xa3, 0x62, 0xb6, 0xce, 0x26,
        0xd6, 0x75,
    ])
}

pub fn skip_rent_rewrites() -> Pubkey {
    Pubkey::new([
        0xa7, 0x53, 0x9b, 0xed, 0x5c, 0xc7, 0x64, 0xe3, 0x4e, 0x5c, 0xb0, 0x51, 0xc9, 0x19, 0xbf,
        0x17, 0xbe, 0x92, 0xb8, 0x8b, 0x5a, 0x37, 0x6e, 0xd2, 0x33, 0xa0, 0xbe, 0x6b, 0x31, 0xa2,
        0x5a, 0x1c,
    ])
}

pub fn prevent_crediting_accounts_that_end_rent_paying() -> Pubkey {
    Pubkey::new([
        0x68, 0x03, 0xcb, 0x34, 0xee, 0x14, 0xb9, 0x41, 0xe4, 0x82, 0x55, 0xaa, 0xae, 0x45, 0x50,
        0x80, 0x27, 0x51, 0x46, 0x7f, 0xc4, 0x71, 0xf3, 0x5a, 0xf3, 0x82, 0x49, 0xe4, 0xe9, 0xfb,
        0xb2, 0x55,
    ])
}

pub fn cap_bpf_program_instruction_accounts() -> Pubkey {
    Pubkey::new([
        0x81, 0xe6, 0xce, 0x87, 0x8e, 0x3a, 0xa7, 0x14, 0x8e, 0x5f, 0x37, 0x82, 0xa7, 0x85, 0xe7,
        0x8d, 0xa9, 0x14, 0x59, 0x07, 0xf5, 0x22, 0xf7, 0x8d, 0xd4, 0xa6, 0x46, 0x9f, 0x82, 0xfa,
        0xec, 0x58,
    ])
}

pub fn loosen_cpi_size_restriction() -> Pubkey {
    Pubkey::new([
        0xe2, 0x04, 0x73, 0xa5, 0xa7, 0x6f, 0x1e, 0xe2, 0x8a, 0xb6, 0x64, 0xde, 0x46, 0xec, 0x20,
        0x34, 0xdf, 0xdf, 0x68, 0xf9, 0xe7, 0x11, 0x5c, 0x2c, 0xe1, 0x6a, 0xa6, 0x27, 0x91, 0xec,
        0x3d, 0xda,
    ])
}

pub fn use_default_units_in_fee_calculation() -> Pubkey {
    Pubkey::new([
        0x74, 0xe5, 0xaa, 0xa4, 0x92, 0x70, 0x1e, 0x6d, 0xdb, 0xdf, 0x4d, 0x06, 0xd3, 0x76, 0x96,
        0x33, 0x65, 0x34, 0xbb, 0x39, 0x35, 0x04, 0x40, 0xed, 0x47, 0xc9, 0x90, 0x52, 0xd6, 0xcc,
        0xed, 0x36,
    ])
}

pub fn compact_vote_state_updates() -> Pubkey {
    Pubkey::new([
        0x69, 0x5c, 0xba, 0x36, 0x37, 0x83, 0xa5, 0x2c, 0x1b, 0xb5, 0x28, 0x3d, 0x3b, 0xc4, 0x4b,
        0xc6, 0x19, 0xb6, 0xb5, 0x14, 0x1e, 0x14, 0xa7, 0x6a, 0xf1, 0xf6, 0xb8, 0xb5, 0x96, 0xef,
        0xc8, 0x69,
    ])
}

pub fn incremental_snapshot_only_incremental_hash_calculation() -> Pubkey {
    Pubkey::new([
        0x10, 0x1e, 0xe3, 0xe6, 0xb1, 0x43, 0x55, 0x85, 0x09, 0x0f, 0xe0, 0x6c, 0xb6, 0xa5, 0x1e,
        0xe8, 0x32, 0x49, 0x2a, 0xec, 0x96, 0x74, 0xe0, 0x9a, 0x96, 0xc7, 0x86, 0xc8, 0x80, 0x69,
        0x5f, 0x8c,
    ])
}

pub fn disable_cpi_setting_executable_and_rent_epoch() -> Pubkey {
    Pubkey::new([
        0x96, 0xc9, 0xcb, 0xaa, 0x07, 0x49, 0x4b, 0x20, 0x79, 0x14, 0xfa, 0xee, 0xb2, 0x59, 0xe0,
        0x0f, 0xdc, 0x79, 0xca, 0x7d, 0xba, 0x69, 0xb2, 0x5b, 0x1a, 0xe8, 0x15, 0xd8, 0x6e, 0x90,
        0xfa, 0xc8,
    ])
}

pub fn on_load_preserve_rent_epoch_for_rent_exempt_accounts() -> Pubkey {
    Pubkey::new([
        0xaf, 0xac, 0x2f, 0x2c, 0xdb, 0xbe, 0xf1, 0x80, 0x0b, 0x83, 0x1b, 0x72, 0xcd, 0x82, 0x2a,
        0x2a, 0xc2, 0x80, 0x87, 0x59, 0x79, 0xca, 0xd3, 0xc1, 0x87, 0x07, 0xe9, 0x67, 0x10, 0x2f,
        0x32, 0x1a,
    ])
}

pub fn account_hash_ignore_slot() -> Pubkey {
    Pubkey::new([
        0x06, 0x88, 0x0e, 0xd2, 0xd7, 0xba, 0x96, 0x67, 0x8f, 0x11, 0x2c, 0x91, 0x03, 0x77, 0xb7,
        0xc9, 0xc5, 0xd4, 0x04, 0x96, 0xe4, 0xb7, 0x4c, 0x8f, 0x64, 0xfb, 0x77, 0x3f, 0x84, 0xd6,
        0x12, 0xe4,
    ])
}

pub fn set_exempt_rent_epoch_max() -> Pubkey {
    Pubkey::new([
        0x49, 0x4e, 0x98, 0x21, 0x34, 0x4b, 0x72, 0xe0, 0x04, 0xd2, 0x66, 0xa2, 0x2e, 0xf9, 0xfb,
        0x20, 0xbd, 0xba, 0x5a, 0xad, 0xec, 0xe7, 0xf6, 0xbc, 0x0a, 0x93, 0xe4, 0xd1, 0x83, 0xe0,
        0xfd, 0x8f,
    ])
}

pub fn relax_authority_signer_check_for_lookup_table_creation() -> Pubkey {
    Pubkey::new([
        0xd4, 0xaa, 0xef, 0x53, 0x4b, 0x5a, 0xa1, 0xad, 0x90, 0xf8, 0x49, 0xb9, 0x13, 0x45, 0x25,
        0x3c, 0x4c, 0x39, 0x46, 0x28, 0xb4, 0xb6, 0xb4, 0xfa, 0x41, 0x0d, 0xb5, 0x1e, 0xa1, 0x4f,
        0xa8, 0xf5,
    ])
}

pub fn stop_sibling_instruction_search_at_parent() -> Pubkey {
    Pubkey::new([
        0xc9, 0x39, 0x83, 0xfd, 0x35, 0x0d, 0xfd, 0x41, 0xbe, 0x29, 0x91, 0x43, 0x10, 0x56, 0xfc,
        0x45, 0xcf, 0x1b, 0x83, 0x50, 0x1d, 0x26, 0x21, 0x7f, 0xf5, 0x55, 0x94, 0xc1, 0xee, 0xd6,
        0xb1, 0xf0,
    ])
}

pub fn vote_state_update_root_fix() -> Pubkey {
    Pubkey::new([
        0xe0, 0x6c, 0x63, 0xf3, 0x55, 0x30, 0xb0, 0x91, 0xaf, 0xff, 0x39, 0x26, 0x67, 0xcb, 0x54,
        0x16, 0x02, 0x4b, 0x9a, 0xc7, 0x1b, 0x61, 0xb8, 0x99, 0xc6, 0x41, 0x30, 0xe4, 0xc1, 0x0b,
        0xac, 0x79,
    ])
}

pub fn cap_accounts_data_allocations_per_transaction() -> Pubkey {
    Pubkey::new([
        0x81, 0x1a, 0x5a, 0x0d, 0xf1, 0x24, 0x2c, 0x5b, 0xa0, 0x2a, 0x65, 0x74, 0xdb, 0x64, 0x82,
        0xa1, 0x77, 0x98, 0x85, 0x5e, 0x4a, 0xb0, 0xe6, 0x08, 0xb4, 0xf7, 0x34, 0x9e, 0xc4, 0x67,
        0x31, 0x52,
    ])
}

pub fn epoch_accounts_hash() -> Pubkey {
    Pubkey::new([
        0x3f, 0x7c, 0x76, 0xbc, 0xf9, 0xca, 0x28, 0x17, 0x4a, 0x5a, 0xf1, 0x64, 0x71, 0x2e, 0xb4,
        0x6e, 0x29, 0x48, 0x29, 0x2b, 0x19, 0x68, 0x8e, 0xf9, 0xad, 0x5a, 0x19, 0x23, 0x25, 0x12,
        0x11, 0x99,
    ])
}

pub fn remove_deprecated_request_unit_ix() -> Pubkey {
    Pubkey::new([
        0xcb, 0x11, 0xd8, 0x6b, 0x52, 0xd0, 0x9b, 0x81, 0xe7, 0xb7, 0x56, 0x74, 0xa6, 0x36, 0x72,
        0x31, 0x4d, 0x5f, 0xb9, 0x6e, 0x6e, 0x87, 0x1a, 0x6f, 0x7a, 0x87, 0x4a, 0x89, 0xfc, 0x31,
        0xd4, 0x27,
    ])
}

pub fn disable_rehash_for_rent_epoch() -> Pubkey {
    Pubkey::new([
        0xb9, 0x15, 0x86, 0x82, 0xd3, 0x57, 0x8a, 0x0d, 0xd0, 0xe3, 0x80, 0x58, 0x5a, 0x23, 0x9f,
        0x0a, 0x62, 0x00, 0xe7, 0xf3, 0x10, 0xc5, 0x21, 0x6c, 0xd8, 0xc7, 0x7f, 0xb2, 0xf1, 0x94,
        0x76, 0x96,
    ])
}

pub fn increase_tx_account_lock_limit() -> Pubkey {
    Pubkey::new([
        0x7b, 0xe0, 0x6c, 0xe7, 0xf5, 0xe5, 0x27, 0xb5, 0x80, 0x17, 0x6a, 0xe2, 0x84, 0xd5, 0xd4,
        0x17, 0xd6, 0xf8, 0x87, 0xbc, 0x4b, 0xbe, 0xb7, 0x45, 0x50, 0xeb, 0x91, 0x07, 0x48, 0x35,
        0xe0, 0x12,
    ])
}

pub fn limit_max_instruction_trace_length() -> Pubkey {
    Pubkey::new([
        0xe4, 0xce, 0x36, 0xa5, 0xa6, 0x94, 0xc1, 0x2a, 0x9b, 0x4b, 0x9d, 0x19, 0x3e, 0x5e, 0x55,
        0x67, 0x17, 0x67, 0x77, 0x8d, 0x3e, 0xe2, 0xea, 0x29, 0xe0, 0xa4, 0x04, 0xed, 0x88, 0x25,
        0x26, 0xf7,
    ])
}

pub fn check_syscall_outputs_do_not_overlap() -> Pubkey {
    Pubkey::new([
        0x2b, 0x25, 0x44, 0x20, 0xcb, 0x2b, 0x86, 0xa6, 0xf2, 0x48, 0x28, 0x8b, 0xc6, 0x3a, 0xc5,
        0xd1, 0x38, 0x59, 0x45, 0xf3, 0xb3, 0x68, 0xcc, 0xe9, 0x1b, 0x2e, 0x60, 0x59, 0x61, 0xd1,
        0x78, 0xc2,
    ])
}

pub fn enable_bpf_loader_set_authority_checked_ix() -> Pubkey {
    Pubkey::new([
        0x49, 0x88, 0x17, 0x26, 0xf7, 0x23, 0x43, 0x9f, 0xb0, 0xa3, 0xf3, 0x59, 0xda, 0xeb, 0xa1,
        0x8a, 0x3a, 0x8e, 0xd1, 0xf7, 0x0c, 0x15, 0x1b, 0x1d, 0xa4, 0x92, 0xb1, 0x6e, 0xfa, 0xe0,
        0xfc, 0x09,
    ])
}

pub fn enable_alt_bn128_syscall() -> Pubkey {
    Pubkey::new([
        0x85, 0xbf, 0xc5, 0xb6, 0xde, 0x1e, 0xef, 0xaa, 0xa4, 0x86, 0xcc, 0x6c, 0x6a, 0x80, 0xda,
        0xed, 0x94, 0x7b, 0x18, 0xac, 0x7f, 0x7c, 0xc2, 0x5d, 0xf9, 0x58, 0x4a, 0x86, 0x98, 0xb3,
        0xff, 0x7b,
    ])
}

pub fn enable_program_redeployment_cooldown() -> Pubkey {
    Pubkey::new([
        0xfd, 0x6d, 0xcb, 0x0b, 0xa2, 0x88, 0x5c, 0x79, 0xeb, 0x88, 0x3d, 0x86, 0xf2, 0xe6, 0x33,
        0x89, 0x5a, 0x3d, 0x23, 0x69, 0x38, 0x9b, 0x1f, 0xa6, 0xad, 0xb4, 0x94, 0xe2, 0x3e, 0xe0,
        0x54, 0x84,
    ])
}

pub fn commission_updates_only_allowed_in_first_half_of_epoch() -> Pubkey {
    Pubkey::new([
        0x0b, 0xbb, 0xa2, 0x5c, 0x08, 0xb9, 0x8e, 0x8a, 0xbc, 0xe8, 0xb4, 0x63, 0x97, 0x94, 0x37,
        0x88, 0xf2, 0xa6, 0xa0, 0x91, 0x29, 0xf3, 0xc1, 0x8b, 0x35, 0x49, 0x07, 0x6a, 0x1d, 0x5f,
        0x63, 0x33,
    ])
}

pub fn enable_turbine_fanout_experiments() -> Pubkey {
    Pubkey::new([
        0xb2, 0xcf, 0xa9, 0xc3, 0x4d, 0xe4, 0xe6, 0x33, 0x25, 0x4b, 0x10, 0xed, 0xcc, 0xb9, 0xf3,
        0x06, 0xbe, 0x3b, 0x9a, 0xdb, 0x9c, 0xed, 0xc0, 0x5b, 0xa2, 0x9f, 0xda, 0x85, 0x71, 0xb5,
        0xae, 0x99,
    ])
}

pub fn disable_turbine_fanout_experiments() -> Pubkey {
    Pubkey::new([
        0x0d, 0x4c, 0x62, 0x81, 0xbc, 0x9a, 0xbb, 0x74, 0xd1, 0x32, 0xac, 0x16, 0x8e, 0xd0, 0x61,
        0x9b, 0xb6, 0x1f, 0x0b, 0xdb, 0xaa, 0xa9, 0xa4, 0xd9, 0x55, 0xc7, 0xe5, 0xa1, 0x8d, 0xeb,
        0x2b, 0x73,
    ])
}

pub fn drop_merkle_shreds() -> Pubkey {
    Pubkey::new([
        0x69, 0x08, 0x18, 0x1d, 0x4f, 0xdb, 0x4a, 0x78, 0x97, 0x2f, 0x1b, 0x4f, 0x94, 0xdf, 0x81,
        0x2b, 0x60, 0x4d, 0x43, 0xf8, 0x92, 0x98, 0xa4, 0xdd, 0x93, 0xba, 0x48, 0xb5, 0xac, 0xb8,
        0x3b, 0xe0,
    ])
}

pub fn keep_merkle_shreds() -> Pubkey {
    Pubkey::new([
        0xfc, 0x2b, 0xba, 0x88, 0xd2, 0xa1, 0xeb, 0x71, 0x75, 0xdf, 0x3f, 0x39, 0x29, 0x20, 0x96,
        0x3b, 0xfe, 0xc6, 0x90, 0x82, 0xc6, 0xbb, 0xc4, 0x44, 0xe3, 0xde, 0x9b, 0x5f, 0xcc, 0xbc,
        0xb9, 0xfe,
    ])
}

pub fn move_serialized_len_ptr_in_cpi() -> Pubkey {
    Pubkey::new([
        0x59, 0xf8, 0x35, 0x62, 0xdd, 0x14, 0x3d, 0x82, 0x30, 0xdc, 0x4b, 0x24, 0x59, 0xa9, 0xa8,
        0xa2, 0xd6, 0x12, 0x67, 0x7c, 0x1b, 0x86, 0x51, 0xfd, 0x02, 0x1d, 0x47, 0x6b, 0xff, 0xef,
        0x9b, 0xca,
    ])
}

pub fn update_hashes_per_tick() -> Pubkey {
    Pubkey::new([
        0x2b, 0x19, 0xba, 0xab, 0x09, 0xcd, 0xf6, 0xb3, 0x1b, 0xf1, 0x51, 0xc9, 0xb4, 0x3b, 0x0e,
        0xd7, 0x89, 0xcc, 0x3f, 0x9a, 0x80, 0x21, 0x94, 0xfc, 0xbd, 0x78, 0xaf, 0xab, 0xe5, 0x1a,
        0xbd, 0xf6,
    ])
}

pub fn enable_big_mod_exp_syscall() -> Pubkey {
    Pubkey::new([
        0xc3, 0xee, 0x12, 0xb0, 0x1a, 0x5b, 0x31, 0x3a, 0xe4, 0xe6, 0xc1, 0xc1, 0xb0, 0x76, 0x81,
        0xe6, 0xe4, 0x62, 0x1e, 0xfa, 0x9e, 0x71, 0x16, 0xfc, 0x35, 0x72, 0xe8, 0x64, 0xcd, 0x4e,
        0xa6, 0x38,
    ])
}

pub fn disable_builtin_loader_ownership_chains() -> Pubkey {
    Pubkey::new([
        0x33, 0x8b, 0xff, 0x23, 0x8a, 0xab, 0x0a, 0x50, 0xe8, 0xa3, 0x35, 0x8b, 0x09, 0x2b, 0x90,
        0xff, 0x20, 0x0b, 0xde, 0xe6, 0x3a, 0x66, 0x92, 0xd7, 0x6d, 0x4f, 0x19, 0x3d, 0x10, 0x52,
        0x93, 0x31,
    ])
}

pub fn cap_transaction_accounts_data_size() -> Pubkey {
    Pubkey::new([
        0xbb, 0x9b, 0xb2, 0xab, 0xa7, 0x5e, 0xe3, 0xff, 0x53, 0x3b, 0x58, 0xb3, 0x2c, 0x8b, 0x46,
        0xe9, 0xfa, 0x66, 0xc9, 0x20, 0x65, 0xe4, 0x90, 0x65, 0x5e, 0xd4, 0x27, 0x18, 0xd9, 0x85,
        0xef, 0xe0,
    ])
}

pub fn remove_congestion_multiplier_from_fee_calculation() -> Pubkey {
    Pubkey::new([
        0x87, 0xc3, 0x89, 0x04, 0xe8, 0xc4, 0x22, 0x8a, 0x27, 0x67, 0xda, 0xd1, 0x7b, 0xe7, 0x83,
        0xd3, 0x4e, 0x0c, 0x77, 0xe2, 0xe2, 0x94, 0x79, 0xbf, 0x73, 0xe4, 0x32, 0xa6, 0x91, 0x44,
        0x90, 0x6e,
    ])
}

pub fn enable_request_heap_frame_ix() -> Pubkey {
    Pubkey::new([
        0xfa, 0x49, 0x56, 0x3c, 0xc1, 0xbc, 0x82, 0xce, 0x81, 0x12, 0x31, 0x04, 0x9a, 0xe1, 0x37,
        0xce, 0xbe, 0x3a, 0xb5, 0xad, 0x0d, 0xd1, 0xd7, 0x70, 0xb8, 0x8c, 0x90, 0xbb, 0x45, 0xd3,
        0xc9, 0xf7,
    ])
}

pub fn prevent_rent_paying_rent_recipients() -> Pubkey {
    Pubkey::new([
        0xd8, 0x9e, 0x52, 0x37, 0x85, 0xcf, 0xf9, 0x8f, 0x7a, 0x56, 0x28, 0x4c, 0x32, 0x67, 0x1e,
        0xe9, 0x81, 0xe6, 0xae, 0xdd, 0xca, 0x67, 0x66, 0x9d, 0x83, 0xc2, 0x82, 0x56, 0xb8, 0x4e,
        0xf4, 0xae,
    ])
}

pub fn delay_visibility_of_program_deployment() -> Pubkey {
    Pubkey::new([
        0xea, 0x5f, 0xde, 0x80, 0x1b, 0x0d, 0x12, 0xd6, 0x7b, 0x51, 0xc2, 0xb5, 0xc6, 0x08, 0x33,
        0x59, 0x68, 0x07, 0x4f, 0x61, 0x84, 0x0f, 0xaf, 0xfe, 0xf5, 0x96, 0x2c, 0x58, 0xbb, 0xe9,
        0x9f, 0x4c,
    ])
}

pub fn apply_cost_tracker_during_replay() -> Pubkey {
    Pubkey::new([
        0x1b, 0xa8, 0x9a, 0x1c, 0x70, 0xb2, 0x9a, 0xca, 0x07, 0x34, 0x3d, 0x0b, 0xbf, 0xe2, 0x48,
        0x67, 0x97, 0x3a, 0xdb, 0x59, 0x2e, 0x5d, 0x00, 0xfa, 0xde, 0x49, 0x8b, 0x33, 0x77, 0x3f,
        0x70, 0xa0,
    ])
}

pub fn deplete_cu_meter_on_vm_failure() -> Pubkey {
    Pubkey::new([
        0x96, 0x30, 0x7a, 0x11, 0x82, 0xf7, 0xe4, 0xee, 0x64, 0x9d, 0xe0, 0x5b, 0x0f, 0xcc, 0xe5,
        0x25, 0x7b, 0x93, 0x34, 0x69, 0x52, 0xaa, 0x5a, 0x1d, 0x8f, 0xd1, 0x2f, 0x90, 0xa6, 0x98,
        0x75, 0x98,
    ])
}

pub fn bpf_account_data_direct_mapping() -> Pubkey {
    Pubkey::new([
        0x90, 0x9d, 0x8a, 0x1a, 0x1b, 0xdb, 0xb4, 0x28, 0xec, 0x2a, 0x7c, 0xf2, 0xbc, 0x76, 0xaf,
        0x8c, 0x72, 0x9e, 0xbb, 0xa0, 0x6f, 0xee, 0x98, 0xa4, 0x77, 0xdd, 0xe8, 0xc5, 0x08, 0x1b,
        0x7f, 0x53,
    ])
}

pub fn add_set_tx_loaded_accounts_data_size_instruction() -> Pubkey {
    Pubkey::new([
        0xe0, 0x63, 0xcf, 0x92, 0xc3, 0xa0, 0xd3, 0x55, 0x49, 0xd0, 0x52, 0xb1, 0x0c, 0xaf, 0xf1,
        0x3f, 0x56, 0xfa, 0x06, 0x11, 0x1c, 0x63, 0x6f, 0x69, 0x75, 0x42, 0xd1, 0x31, 0x2a, 0x1e,
        0xe2, 0x6d,
    ])
}

pub fn switch_to_new_elf_parser() -> Pubkey {
    Pubkey::new([
        0xac, 0xda, 0xc5, 0x37, 0x50, 0xa9, 0x7a, 0x0e, 0xb4, 0x8f, 0xa3, 0x40, 0xa0, 0xcc, 0xd2,
        0x80, 0x94, 0x20, 0x2c, 0xc7, 0x60, 0x42, 0x4a, 0xd0, 0xa9, 0xc0, 0xd3, 0x31, 0xe6, 0xd6,
        0x62, 0xf0,
    ])
}

pub fn round_up_heap_size() -> Pubkey {
    Pubkey::new([
        0xa6, 0xc6, 0xf9, 0xd5, 0x39, 0x30, 0xd1, 0xe2, 0xaa, 0xfa, 0xc5, 0x3d, 0xd9, 0x8e, 0xeb,
        0xc2, 0xf3, 0xdb, 0x6c, 0x9a, 0xde, 0xeb, 0xf2, 0x61, 0x38, 0x73, 0x42, 0x7d, 0x71, 0x86,
        0xb9, 0xb4,
    ])
}

pub fn remove_bpf_loader_incorrect_program_id() -> Pubkey {
    Pubkey::new([
        0x13, 0x27, 0x40, 0x91, 0x61, 0xec, 0xe3, 0xca, 0x4e, 0x63, 0x93, 0xed, 0xe0, 0x0c, 0x11,
        0x78, 0x1f, 0x7e, 0xef, 0x3f, 0x56, 0xe8, 0xdb, 0x60, 0x71, 0x31, 0x74, 0xd2, 0xe6, 0x72,
        0xbe, 0x53,
    ])
}

pub fn include_loaded_accounts_data_size_in_fee_calculation() -> Pubkey {
    Pubkey::new([
        0xc9, 0xb7, 0x08, 0xb6, 0xbb, 0xa5, 0xb1, 0xa6, 0xdc, 0xbf, 0xd0, 0x4f, 0xed, 0xe7, 0x28,
        0xa3, 0x52, 0xcd, 0x71, 0x42, 0x39, 0x0c, 0xa0, 0x41, 0x13, 0x66, 0xde, 0xff, 0x50, 0x24,
        0xfe, 0x35,
    ])
}

pub fn native_programs_consume_cu() -> Pubkey {
    Pubkey::new([
        0x74, 0x38, 0xca, 0xe8, 0xba, 0x15, 0xa6, 0x50, 0xd5, 0x96, 0x1a, 0x62, 0xd9, 0xba, 0x14,
        0xc6, 0x20, 0x96, 0xdb, 0x0f, 0xa1, 0x87, 0x72, 0x3f, 0x3c, 0x59, 0xc3, 0xdb, 0xfb, 0xdd,
        0x3b, 0x6b,
    ])
}

pub fn simplify_writable_program_account_check() -> Pubkey {
    Pubkey::new([
        0x43, 0xae, 0x75, 0x5b, 0x05, 0xd6, 0x4d, 0xda, 0x6b, 0x93, 0x44, 0x69, 0xa0, 0x06, 0xea,
        0xf0, 0x99, 0x27, 0xf4, 0xbc, 0x96, 0x0e, 0xc6, 0x48, 0x64, 0x47, 0xc0, 0x53, 0x52, 0xfb,
        0x1a, 0x7a,
    ])
}

pub fn stop_truncating_strings_in_syscalls() -> Pubkey {
    Pubkey::new([
        0x00, 0x05, 0xee, 0xe8, 0x9f, 0xd8, 0x51, 0x2f, 0x51, 0x9c, 0xc1, 0x76, 0xca, 0xbb, 0xe0,
        0xf6, 0x3a, 0x39, 0x61, 0x09, 0xda, 0xa5, 0x4d, 0x9a, 0xb7, 0x98, 0xa3, 0x01, 0x0d, 0x5a,
        0xb8, 0x0f,
    ])
}

pub fn clean_up_delegation_errors() -> Pubkey {
    Pubkey::new([
        0x9f, 0x59, 0x3a, 0x49, 0x85, 0xf1, 0xaa, 0x61, 0x96, 0x8e, 0x49, 0xb3, 0x45, 0xce, 0xea,
        0xed, 0xbb, 0x96, 0x54, 0x09, 0xa4, 0x3d, 0x8d, 0xba, 0xbb, 0x57, 0xc7, 0x64, 0x0d, 0xfc,
        0x59, 0x90,
    ])
}

pub fn vote_state_add_vote_latency() -> Pubkey {
    Pubkey::new([
        0x61, 0xd8, 0xd7, 0x1f, 0x81, 0x6f, 0x32, 0x74, 0x56, 0x37, 0x18, 0x3c, 0x8b, 0x7e, 0x6e,
        0xaa, 0x28, 0x71, 0xb5, 0x22, 0x61, 0x11, 0xb0, 0x39, 0x6d, 0xb6, 0x4f, 0xad, 0x75, 0xad,
        0x77, 0xc4,
    ])
}

pub fn checked_arithmetic_in_fee_validation() -> Pubkey {
    Pubkey::new([
        0x41, 0x3c, 0x10, 0x0e, 0x1d, 0x39, 0xd7, 0x2b, 0xbe, 0x35, 0xa2, 0xa1, 0xcb, 0xff, 0x4f,
        0xe1, 0x7d, 0x4d, 0x55, 0xd0, 0x45, 0x4d, 0xf0, 0x5f, 0x58, 0xa4, 0x96, 0x7c, 0xed, 0x08,
        0x34, 0x55,
    ])
}

pub fn last_restart_slot_sysvar() -> Pubkey {
    Pubkey::new([
        0xf9, 0xb8, 0x13, 0x4b, 0x8e, 0x66, 0x1b, 0x40, 0x28, 0x1c, 0xed, 0xbe, 0x7c, 0x78, 0x8c,
        0x99, 0x1b, 0x93, 0x96, 0x34, 0xd6, 0xc9, 0x0b, 0xde, 0xae, 0xb8, 0xdb, 0x5a, 0x06, 0x7d,
        0x87, 0x8e,
    ])
}

pub fn reduce_stake_warmup_cooldown() -> Pubkey {
    Pubkey::new([
        0xec, 0xee, 0x93, 0x40, 0x57, 0x22, 0xb0, 0x74, 0x49, 0xc1, 0xf9, 0xe5, 0xef, 0x54, 0x03,
        0xef, 0x18, 0x4d, 0x87, 0xf9, 0x31, 0x68, 0x96, 0x18, 0xad, 0x21, 0xb8, 0xf7, 0x00, 0x3d,
        0x8a, 0xce,
    ])
}

pub fn revise_turbine_epoch_stakes() -> Pubkey {
    Pubkey::new([
        0x9b, 0x5f, 0xa2, 0xbe, 0x99, 0xfd, 0xb8, 0x81, 0x7d, 0x7d, 0x2d, 0xcf, 0x73, 0xa0, 0xf6,
        0x56, 0x57, 0xea, 0x7b, 0x3c, 0x6a, 0xf6, 0x13, 0x59, 0x13, 0x4a, 0x2f, 0x56, 0x10, 0x11,
        0xd2, 0xad,
    ])
}

pub fn enable_poseidon_syscall() -> Pubkey {
    Pubkey::new([
        0xd4, 0xeb, 0x2e, 0xcb, 0x2c, 0x82, 0xbf, 0x3c, 0xc6, 0xab, 0x6d, 0x6c, 0xbc, 0x2f, 0x29,
        0x03, 0xab, 0xa5, 0x57, 0xd7, 0x2d, 0xc4, 0x4e, 0xfd, 0xbc, 0x5f, 0xf1, 0xc0, 0x6c, 0xde,
        0xa2, 0xd7,
    ])
}

pub fn timely_vote_credits() -> Pubkey {
    Pubkey::new([
        0x0d, 0x4d, 0x3c, 0x51, 0x23, 0x21, 0xd3, 0xe9, 0x47, 0x3d, 0xc8, 0x19, 0x36, 0x5e, 0x45,
        0xf8, 0x09, 0x81, 0x7b, 0xaf, 0xff, 0x69, 0x17, 0x9f, 0x2e, 0x58, 0x3d, 0xf1, 0x6e, 0xc8,
        0x10, 0x6b,
    ])
}

pub fn remaining_compute_units_syscall_enabled() -> Pubkey {
    Pubkey::new([
        0x42, 0x53, 0x93, 0xd7, 0x86, 0x52, 0x20, 0x64, 0xce, 0x96, 0x67, 0x76, 0xc0, 0xb2, 0x3d,
        0xd2, 0xe4, 0xd2, 0x81, 0x04, 0x5e, 0x7a, 0xd6, 0x90, 0xee, 0x30, 0x77, 0x01, 0x6a, 0x54,
        0x6e, 0x64,
    ])
}

pub fn enable_loader_v4() -> Pubkey {
    Pubkey::new([
        0x05, 0x12, 0xb4, 0x11, 0x51, 0x51, 0xf4, 0x22, 0xf9, 0xc1, 0x28, 0xc3, 0xa4, 0x38, 0x28,
        0x6e, 0x89, 0x34, 0x57, 0xb5, 0x28, 0xa4, 0x90, 0x1b, 0x1b, 0xc5, 0xb0, 0x51, 0x79, 0x00,
        0x00, 0x00,
    ])
}

pub fn require_rent_exempt_split_destination() -> Pubkey {
    Pubkey::new([
        0xb2, 0xb3, 0xf3, 0xc6, 0xb4, 0x1c, 0x24, 0x4b, 0xbf, 0x84, 0xd9, 0x21, 0x6e, 0x67, 0x6e,
        0x0b, 0x45, 0x16, 0xb4, 0xd6, 0x0c, 0x48, 0xe9, 0x7a, 0x45, 0x26, 0x74, 0xbc, 0x9d, 0x61,
        0x72, 0xe0,
    ])
}

pub fn better_error_codes_for_tx_lamport_check() -> Pubkey {
    Pubkey::new([
        0xd9, 0xf9, 0x49, 0xa8, 0xea, 0x6b, 0x74, 0x21, 0x4a, 0x4c, 0x14, 0x84, 0xd2, 0x73, 0x07,
        0x37, 0xc1, 0x95, 0xb5, 0xdc, 0xdc, 0xd0, 0x07, 0xd0, 0x17, 0x2b, 0xe1, 0x2f, 0xff, 0x7a,
        0x38, 0x4f,
    ])
}

pub fn enable_alt_bn128_compression_syscall() -> Pubkey {
    Pubkey::new([
        0xc5, 0x96, 0xc3, 0xf1, 0x5d, 0x5b, 0xb5, 0x9b, 0x10, 0x5f, 0xf4, 0xd6, 0x41, 0x2c, 0x69,
        0xe2, 0xdc, 0x8c, 0xa7, 0xdf, 0x6f, 0xba, 0x27, 0x60, 0xfb, 0x3e, 0x5b, 0x98, 0x46, 0xe4,
        0xb4, 0xef,
    ])
}

pub fn programify_feature_gate_program() -> Pubkey {
    Pubkey::new([
        0x6c, 0x03, 0x23, 0xfe, 0xae, 0x55, 0x9b, 0x6b, 0x0f, 0xa5, 0x65, 0xc1, 0x18, 0x46, 0x40,
        0xe3, 0x6a, 0x92, 0x67, 0xe8, 0x05, 0xc2, 0x7d, 0x8b, 0x88, 0x1b, 0x5e, 0xca, 0xa3, 0xaf,
        0x6e, 0x77,
    ])
}

pub fn update_hashes_per_tick2() -> Pubkey {
    Pubkey::new([
        0xc8, 0xc8, 0x3f, 0xaf, 0x32, 0xd0, 0x79, 0xe7, 0xc9, 0x8b, 0x45, 0x2f, 0x6c, 0x6c, 0xa4,
        0xaf, 0xeb, 0x86, 0xdd, 0x45, 0xc7, 0x5d, 0xa9, 0xf3, 0x0d, 0x91, 0xab, 0x70, 0x0d, 0xdc,
        0x41, 0x23,
    ])
}

pub fn update_hashes_per_tick3() -> Pubkey {
    Pubkey::new([
        0x6a, 0xdb, 0x81, 0x96, 0xaa, 0x89, 0x39, 0x58, 0xb8, 0xa9, 0xd8, 0xbb, 0xee, 0x56, 0xa6,
        0x5a, 0x47, 0x46, 0xfa, 0xbd, 0x4c, 0x0f, 0x02, 0x92, 0x4c, 0xbc, 0x74, 0xc0, 0x6a, 0x05,
        0xf5, 0xb8,
    ])
}

pub fn update_hashes_per_tick4() -> Pubkey {
    Pubkey::new([
        0x6f, 0x99, 0x8d, 0x05, 0xe5, 0xcd, 0x11, 0xa5, 0x69, 0x28, 0x27, 0xa5, 0xd1, 0xb4, 0x93,
        0x29, 0x32, 0x39, 0x50, 0x4f, 0xb2, 0xea, 0x66, 0xe1, 0xb5, 0x37, 0x61, 0xe5, 0x87, 0x88,
        0x1f, 0x41,
    ])
}

pub fn update_hashes_per_tick5() -> Pubkey {
    Pubkey::new([
        0xa1, 0x78, 0xa3, 0x8e, 0x6a, 0xb3, 0x14, 0xa4, 0x11, 0x95, 0x61, 0x1e, 0x9e, 0xcb, 0x9a,
        0x75, 0x42, 0xa9, 0x54, 0xa3, 0x80, 0xb9, 0x59, 0xc8, 0x10, 0xa5, 0x6d, 0xdf, 0x38, 0xbe,
        0xcb, 0x59,
    ])
}

pub fn update_hashes_per_tick6() -> Pubkey {
    Pubkey::new([
        0xd4, 0xda, 0xe2, 0x6a, 0x8f, 0xf0, 0x49, 0x6c, 0x64, 0x64, 0x3e, 0x27, 0x5c, 0xc8, 0xc0,
        0x94, 0x75, 0x19, 0xed, 0x99, 0xc6, 0x64, 0xe7, 0x3f, 0x62, 0xcc, 0x5c, 0xd4, 0x7b, 0xbc,
        0x67, 0xe1,
    ])
}

pub fn validate_fee_collector_account() -> Pubkey {
    Pubkey::new([
        0x0c, 0x42, 0x9f, 0xae, 0x63, 0x29, 0x2c, 0x8c, 0xaa, 0x94, 0x19, 0xe1, 0xf6, 0xb4, 0xd9,
        0x16, 0x5e, 0x43, 0xb4, 0xc7, 0xb1, 0x1f, 0xe0, 0x9d, 0x01, 0xd9, 0x0a, 0xc5, 0x1c, 0x70,
        0x7f, 0x14,
    ])
}

pub fn enable_zk_transfer_with_fee() -> Pubkey {
    Pubkey::new([
        0x0e, 0xcb, 0x24, 0x6c, 0x6b, 0x32, 0x42, 0xcd, 0x46, 0xc6, 0x8d, 0x16, 0xca, 0xd0, 0x06,
        0xed, 0x41, 0x5e, 0x9f, 0xc4, 0x36, 0x71, 0x70, 0xdc, 0xf6, 0x59, 0x14, 0x25, 0x3e, 0x4c,
        0xaa, 0x12,
    ])
}

pub fn drop_legacy_shreds() -> Pubkey {
    Pubkey::new([
        0xe6, 0x0f, 0x1e, 0xeb, 0x2f, 0x39, 0x7b, 0xd1, 0x39, 0xaa, 0x31, 0xee, 0x23, 0x84, 0x80,
        0x69, 0x51, 0x99, 0x93, 0x80, 0xc2, 0x55, 0x53, 0xef, 0xeb, 0xa2, 0xe0, 0x16, 0x79, 0xa0,
        0x01, 0x7c,
    ])
}

pub fn consume_blockstore_duplicate_proofs() -> Pubkey {
    Pubkey::new([
        0x52, 0x74, 0x2c, 0x7b, 0x6b, 0x86, 0x07, 0x02, 0x0c, 0x27, 0x5c, 0x4c, 0xf2, 0x6e, 0xf1,
        0xe3, 0xcd, 0x47, 0xeb, 0xf2, 0x78, 0xe2, 0x9d, 0x0b, 0xfb, 0x96, 0xfb, 0x13, 0xad, 0x6f,
        0x8a, 0xb0,
    ])
}

pub fn index_erasure_conflict_duplicate_proofs() -> Pubkey {
    Pubkey::new([
        0x09, 0x74, 0xa1, 0x2b, 0x1c, 0x70, 0x2e, 0x59, 0xf6, 0x09, 0xfb, 0x6d, 0xaa, 0x47, 0x17,
        0x37, 0xf4, 0xa5, 0xc2, 0xfb, 0x0b, 0xd9, 0x6b, 0x33, 0xcb, 0x93, 0xc4, 0x0c, 0xdd, 0x46,
        0x4f, 0x23,
    ])
}

pub fn curve25519_restrict_msm_length() -> Pubkey {
    Pubkey::new([
        0x09, 0xa2, 0xb5, 0xbc, 0x88, 0x50, 0x95, 0xbe, 0x4d, 0xe1, 0x58, 0x5a, 0x7f, 0xf3, 0x63,
        0x72, 0xc1, 0x6f, 0x40, 0x3a, 0x9a, 0x48, 0x0f, 0xd3, 0x51, 0xd3, 0xb3, 0xa5, 0xc6, 0x0c,
        0x4b, 0x91,
    ])
}

pub fn allow_commission_decrease_at_any_time() -> Pubkey {
    Pubkey::new([
        0x09, 0x63, 0x71, 0x6c, 0x93, 0x25, 0xce, 0xfb, 0xac, 0xdf, 0x2e, 0x42, 0x3f, 0xdf, 0x5d,
        0xf2, 0x5e, 0xae, 0xda, 0x5d, 0x77, 0xf7, 0x49, 0xa7, 0xb6, 0xf8, 0x67, 0x27, 0xf9, 0x0d,
        0x29, 0xe4,
    ])
}

pub fn merkle_conflict_duplicate_proofs() -> Pubkey {
    Pubkey::new([
        0x0b, 0x7d, 0xce, 0x55, 0xcc, 0x31, 0x6e, 0x11, 0x19, 0x99, 0x92, 0x0c, 0xf7, 0x52, 0x85,
        0x76, 0xfe, 0xd0, 0x5c, 0xed, 0x1b, 0xd8, 0x8e, 0x84, 0x1b, 0xb6, 0x3c, 0xd9, 0x35, 0xed,
        0x91, 0x2f,
    ])
}

pub fn disable_bpf_loader_instructions() -> Pubkey {
    Pubkey::new([
        0x60, 0xbe, 0x49, 0xea, 0xb9, 0xe9, 0x43, 0x8c, 0x58, 0x9b, 0x35, 0x47, 0xbc, 0x1b, 0x1b,
        0x0d, 0x04, 0xbc, 0x74, 0xd2, 0x57, 0xe1, 0xf2, 0xa5, 0x02, 0x66, 0x17, 0xf3, 0x49, 0xb5,
        0xe0, 0xe9,
    ])
}

pub fn deprecate_executable_meta_update_in_bpf_loader() -> Pubkey {
    Pubkey::new([
        0x0b, 0x0a, 0xa6, 0x6d, 0xae, 0x07, 0x63, 0x9b, 0x6d, 0x90, 0xe0, 0xf3, 0x1d, 0xba, 0x64,
        0x52, 0xba, 0x3d, 0xc3, 0x44, 0x31, 0x30, 0xdf, 0x7e, 0xab, 0xd4, 0x1e, 0xd3, 0xab, 0x4d,
        0x33, 0x47,
    ])
}

pub fn enable_zk_proof_from_account() -> Pubkey {
    Pubkey::new([
        0x0e, 0xcb, 0x88, 0xd6, 0xe1, 0xd4, 0x23, 0xf4, 0x20, 0x62, 0xde, 0xc9, 0x60, 0x6c, 0x5a,
        0x68, 0xc5, 0x9e, 0xcd, 0x3a, 0x97, 0x46, 0xbd, 0x14, 0xc5, 0x00, 0x9e, 0x46, 0x52, 0x19,
        0x0c, 0xd9,
    ])
}

pub fn cost_model_requested_write_lock_cost() -> Pubkey {
    Pubkey::new([
        0x0d, 0xeb, 0x8b, 0x43, 0x43, 0x80, 0x51, 0xa1, 0x77, 0x30, 0xda, 0xfa, 0x17, 0x13, 0xc7,
        0x34, 0x05, 0xe6, 0xe3, 0x35, 0x39, 0x8a, 0x57, 0x63, 0x96, 0x99, 0xb4, 0x10, 0xf0, 0xd6,
        0x5e, 0x87,
    ])
}

pub fn enable_gossip_duplicate_proof_ingestion() -> Pubkey {
    Pubkey::new([
        0xd5, 0x79, 0x63, 0x4a, 0x6a, 0xab, 0x27, 0xdb, 0x57, 0xae, 0xfb, 0x1c, 0x06, 0x7c, 0x34,
        0x8d, 0xaa, 0xae, 0x66, 0x2f, 0x5f, 0x62, 0x2f, 0x18, 0xf4, 0xb5, 0x83, 0x95, 0xe3, 0x43,
        0xff, 0xd5,
    ])
}

pub fn enable_chained_merkle_shreds() -> Pubkey {
    Pubkey::new([
        0x66, 0x9c, 0xb7, 0x34, 0xc4, 0x79, 0x40, 0x81, 0x18, 0x88, 0x23, 0x16, 0x03, 0xdb, 0xe2,
        0xb4, 0xb9, 0x82, 0x50, 0x3a, 0x99, 0x0e, 0xcd, 0xb5, 0x1f, 0x4e, 0xa0, 0xeb, 0xac, 0xd3,
        0xef, 0x1f,
    ])
}

pub fn remove_rounding_in_fee_calculation() -> Pubkey {
    Pubkey::new([
        0xa1, 0xc5, 0x8f, 0xd3, 0x78, 0xb5, 0xe0, 0xfd, 0x51, 0x5e, 0x90, 0xf9, 0x71, 0xc6, 0x61,
        0x77, 0xef, 0x58, 0x74, 0xfb, 0xd9, 0x46, 0x9a, 0x1e, 0x4d, 0x8a, 0x45, 0x3b, 0x36, 0xb9,
        0x61, 0x4e,
    ])
}

pub fn enable_tower_sync_ix() -> Pubkey {
    Pubkey::new([
        0x0d, 0x2d, 0xfe, 0xed, 0x5a, 0x25, 0x11, 0xf7, 0x8d, 0x62, 0x07, 0x44, 0x0d, 0xad, 0x2c,
        0xc2, 0x50, 0x72, 0xda, 0x55, 0x9c, 0xf7, 0x30, 0x7a, 0xe8, 0x45, 0x22, 0x92, 0x56, 0xdd,
        0x66, 0x77,
    ])
}

pub fn deprecate_unused_legacy_vote_plumbing() -> Pubkey {
    Pubkey::new([
        0x51, 0x60, 0x3a, 0x65, 0xd2, 0x58, 0xf6, 0x81, 0xa9, 0x9d, 0x75, 0xfb, 0x82, 0x92, 0x01,
        0x9d, 0x7c, 0xba, 0xba, 0x95, 0x17, 0x6d, 0x3b, 0xfd, 0xac, 0x4d, 0xba, 0x6f, 0x72, 0x50,
        0xbc, 0x93,
    ])
}

pub fn reward_full_priority_fee() -> Pubkey {
    Pubkey::new([
        0x29, 0xb5, 0x7d, 0x02, 0xf6, 0x06, 0xf2, 0xf1, 0x3c, 0xe6, 0x5d, 0x22, 0xd1, 0xfc, 0x80,
        0x59, 0xcd, 0x36, 0x5a, 0x6d, 0x1c, 0x97, 0x5a, 0xbf, 0x46, 0x0f, 0x48, 0x0e, 0x16, 0x11,
        0xe2, 0xa4,
    ])
}

pub fn disable_rent_fees_collection() -> Pubkey {
    Pubkey::new([
        0xa8, 0x0c, 0x7c, 0x9c, 0x46, 0xc9, 0x15, 0x1d, 0x98, 0x48, 0x72, 0x27, 0x55, 0x41, 0x17,
        0x88, 0x22, 0xad, 0x13, 0x7f, 0x8c, 0x63, 0x6f, 0x91, 0xf7, 0x6d, 0x86, 0xac, 0xdd, 0xbb,
        0xcc, 0xf5,
    ])
}

pub fn add_new_reserved_account_keys() -> Pubkey {
    Pubkey::new([
        0x6e, 0xf0, 0xdf, 0x34, 0x81, 0xac, 0xed, 0xb6, 0x4d, 0x00, 0x3d, 0x88, 0xc9, 0x5a, 0x7a,
        0x25, 0xa0, 0xd7, 0x00, 0x98, 0x07, 0xa8, 0x51, 0x37, 0x06, 0xb3, 0x0e, 0x23, 0xfb, 0xce,
        0xa9, 0xcc,
    ])
}

pub fn chained_merkle_conflict_duplicate_proofs() -> Pubkey {
    Pubkey::new([
        0x09, 0x25, 0x36, 0xba, 0xe5, 0x72, 0x41, 0x7e, 0x11, 0xa8, 0xc5, 0xcd, 0x87, 0x81, 0x90,
        0x62, 0x5d, 0x31, 0x81, 0xc1, 0x19, 0x26, 0xb7, 0xab, 0xec, 0xb1, 0x65, 0x55, 0xc8, 0xb0,
        0xc1, 0xf7,
    ])
}

pub fn simplify_alt_bn128_syscall_error_codes() -> Pubkey {
    Pubkey::new([
        0xff, 0xdc, 0x9f, 0x8d, 0x03, 0xe9, 0xa9, 0x8b, 0x11, 0x73, 0xd7, 0xf4, 0x57, 0x73, 0x30,
        0xb9, 0x37, 0xc4, 0x25, 0xcd, 0xa9, 0xd8, 0xc1, 0x3e, 0xcc, 0xb7, 0x16, 0x4a, 0x1a, 0xfd,
        0xf9, 0xec,
    ])
}

pub fn abort_on_invalid_curve() -> Pubkey {
    Pubkey::new([
        0xdd, 0x72, 0x21, 0x65, 0xad, 0x48, 0xe1, 0xaf, 0xda, 0x46, 0x3f, 0x70, 0xf5, 0xe7, 0x27,
        0xdf, 0x99, 0x16, 0x8f, 0xf9, 0xbb, 0xcb, 0x52, 0x76, 0xdb, 0x98, 0x53, 0x4e, 0x33, 0xf1,
        0xf5, 0x86,
    ])
}

pub fn ed25519_precompile_verify_strict() -> Pubkey {
    Pubkey::new([
        0x09, 0xa3, 0x5e, 0x55, 0x96, 0xaf, 0xa7, 0x91, 0xd2, 0xf1, 0xf4, 0xa9, 0x08, 0x55, 0x4e,
        0xfa, 0x4e, 0xe4, 0xa6, 0x46, 0xdb, 0xb3, 0xa1, 0x4a, 0xb0, 0x33, 0xaf, 0x14, 0xa5, 0x49,
        0x1c, 0xfe,
    ])
}

pub fn zk_elgamal_proof_program_enabled() -> Pubkey {
    Pubkey::new([
        0x0e, 0xcb, 0x85, 0x30, 0xa9, 0x11, 0x14, 0x8e, 0x4e, 0x4b, 0x2d, 0xb5, 0x99, 0xa0, 0xea,
        0x2c, 0x3c, 0x01, 0x91, 0xb9, 0xc8, 0x30, 0xc3, 0xeb, 0x84, 0x49, 0x40, 0x64, 0xd0, 0x12,
        0x6e, 0x73,
    ])
}

pub fn move_stake_and_move_lamports_ixs() -> Pubkey {
    Pubkey::new([
        0x61, 0xf9, 0x9e, 0xbb, 0xb5, 0x47, 0x90, 0x0b, 0xb6, 0x5d, 0x66, 0x44, 0xb8, 0x45, 0xca,
        0x36, 0xc5, 0xaf, 0x9f, 0x6f, 0xe1, 0x6d, 0x73, 0x7e, 0x83, 0x64, 0xb5, 0x59, 0x1c, 0x46,
        0x2b, 0x63,
    ])
}

pub fn deprecate_legacy_vote_ixs() -> Pubkey {
    Pubkey::new([
        0x09, 0x63, 0xab, 0xd0, 0x05, 0x64, 0xa6, 0xa5, 0x74, 0xcd, 0xdf, 0xb3, 0xc1, 0xa6, 0xcf,
        0xb3, 0xc9, 0x9e, 0x1d, 0x7d, 0xf1, 0xdc, 0x91, 0xd5, 0x67, 0xdf, 0x68, 0xeb, 0x77, 0x49,
        0x22, 0xb7,
    ])
}

pub fn partitioned_epoch_rewards_superfeature() -> Pubkey {
    Pubkey::new([
        0x05, 0xb1, 0xf6, 0xd0, 0xa0, 0xbf, 0xfc, 0x81, 0xbc, 0x95, 0xde, 0xeb, 0x35, 0x7a, 0x88,
        0x3e, 0xa6, 0x5e, 0x44, 0xce, 0xb5, 0x15, 0x5a, 0xd2, 0xb0, 0xb5, 0x57, 0xbf, 0x87, 0xf9,
        0x4b, 0x53,
    ])
}

pub fn enable_secp256r1_precompile() -> Pubkey {
    Pubkey::new([
        0x0d, 0x07, 0x69, 0xb2, 0x4d, 0xf9, 0xa6, 0xa3, 0xbe, 0x46, 0x1c, 0xcd, 0x33, 0x4f, 0x22,
        0xcd, 0x35, 0x49, 0x98, 0xc6, 0xf6, 0xaf, 0xb6, 0x8c, 0xe5, 0x39, 0xef, 0x19, 0x11, 0x48,
        0x56, 0xa4,
    ])
}

pub fn get_sysvar_syscall_enabled() -> Pubkey {
    Pubkey::new([
        0xa8, 0x5b, 0xef, 0x52, 0xf2, 0x62, 0x90, 0x82, 0x3b, 0xd2, 0x06, 0xdd, 0x10, 0xe7, 0x2c,
        0x5b, 0x9c, 0x22, 0x0e, 0x96, 0x8a, 0xa7, 0x2e, 0x98, 0x8c, 0x7b, 0x02, 0x39, 0x0e, 0xd5,
        0x9a, 0xf4,
    ])
}

pub fn disable_sbpf_v0_execution() -> Pubkey {
    Pubkey::new([
        0x07, 0xcd, 0x8f, 0x9c, 0x60, 0x1f, 0xb5, 0x1d, 0xe6, 0xc6, 0x4a, 0x0c, 0x80, 0xee, 0x74,
        0x45, 0xb1, 0x33, 0x0c, 0x00, 0xc8, 0x85, 0x66, 0xfd, 0xbf, 0x9c, 0x04, 0xb1, 0x80, 0x00,
        0x00, 0x00,
    ])
}

pub fn reenable_sbpf_v0_execution() -> Pubkey {
    Pubkey::new([
        0x06, 0xd3, 0xed, 0xd5, 0x9d, 0x7c, 0x93, 0xe5, 0xc4, 0xb1, 0xe9, 0xad, 0x79, 0x2d, 0x34,
        0x27, 0xa1, 0xc3, 0x2f, 0xac, 0xb9, 0xbc, 0x05, 0x2d, 0xe0, 0x6c, 0x4b, 0x91, 0x80, 0x00,
        0x00, 0x00,
    ])
}

pub fn enable_sbpf_v1_deployment_and_execution() -> Pubkey {
    Pubkey::new([
        0xff, 0xf3, 0x40, 0x2b, 0x9c, 0xcb, 0xc2, 0xef, 0x87, 0x25, 0xc8, 0xa9, 0xa3, 0x0d, 0x78,
        0x88, 0xc0, 0xd9, 0xaf, 0xad, 0x60, 0x5e, 0x1a, 0xdf, 0xe8, 0x84, 0x65, 0xac, 0x59, 0xd5,
        0xe4, 0xd5,
    ])
}

pub fn enable_sbpf_v2_deployment_and_execution() -> Pubkey {
    Pubkey::new([
        0xd1, 0x6a, 0x9a, 0x26, 0x8a, 0x6a, 0x8e, 0x40, 0xcc, 0xea, 0xc9, 0x39, 0xd6, 0x21, 0x78,
        0x58, 0x7e, 0x9e, 0x51, 0x6c, 0x8c, 0xab, 0x5a, 0xec, 0x85, 0xb1, 0x18, 0x7f, 0xa6, 0xd2,
        0xb5, 0xdc,
    ])
}

pub fn enable_sbpf_v3_deployment_and_execution() -> Pubkey {
    Pubkey::new([
        0x44, 0x72, 0x90, 0xd7, 0xfd, 0xc5, 0x1f, 0x0f, 0x09, 0xfb, 0xd2, 0x3d, 0xab, 0x6b, 0xc2,
        0xa5, 0x66, 0x47, 0x49, 0xe7, 0x6e, 0xe5, 0xff, 0xb6, 0x3b, 0xb9, 0xb6, 0x3c, 0x39, 0x78,
        0x78, 0xcd,
    ])
}

pub fn migrate_feature_gate_program_to_core_bpf() -> Pubkey {
    Pubkey::new([
        0x36, 0x42, 0x5c, 0x66, 0x18, 0x1f, 0x6b, 0xf4, 0xea, 0x34, 0x18, 0x98, 0xd0, 0xee, 0x57,
        0x8e, 0x44, 0xd3, 0x69, 0xb6, 0x06, 0x1e, 0xe4, 0xea, 0x37, 0x86, 0x08, 0xb4, 0x19, 0xbf,
        0xbb, 0x7a,
    ])
}

pub fn migrate_config_program_to_core_bpf() -> Pubkey {
    Pubkey::new([
        0x12, 0xa9, 0x4d, 0x90, 0xf1, 0x0d, 0xa9, 0xa9, 0x6c, 0x4d, 0xaf, 0xf9, 0x3b, 0x8e, 0xf5,
        0xcb, 0x23, 0xef, 0xa4, 0xa9, 0x27, 0xee, 0x5c, 0x59, 0xc4, 0xef, 0x9c, 0x08, 0x45, 0x65,
        0xdf, 0xac,
    ])
}

pub fn migrate_address_lookup_table_program_to_core_bpf() -> Pubkey {
    Pubkey::new([
        0xa5, 0x84, 0xb6, 0xe5, 0x4b, 0xa8, 0x34, 0x24, 0x94, 0xbb, 0xa3, 0x5d, 0x43, 0x00, 0x19,
        0x22, 0x7e, 0x11, 0x1e, 0xb6, 0xba, 0xc9, 0x95, 0x77, 0xf9, 0xe1, 0x83, 0xa5, 0x46, 0x5d,
        0xff, 0x48,
    ])
}

pub fn migrate_stake_program_to_core_bpf() -> Pubkey {
    Pubkey::new([
        0x4f, 0x6e, 0x58, 0xf2, 0xa5, 0x04, 0x0c, 0xd3, 0x86, 0x2c, 0xea, 0xf5, 0xe7, 0x5e, 0x1a,
        0xc4, 0x52, 0x52, 0xca, 0xea, 0xdf, 0x75, 0x06, 0xd3, 0x0e, 0xef, 0x5e, 0x33, 0x25, 0x16,
        0xaf, 0xcf,
    ])
}

pub fn enable_get_epoch_stake_syscall() -> Pubkey {
    Pubkey::new([
        0xd4, 0xca, 0x06, 0xb3, 0x6d, 0xa7, 0x8e, 0xef, 0xd9, 0x92, 0x66, 0x67, 0x6d, 0xe3, 0x92,
        0xab, 0x4e, 0x56, 0x31, 0x5b, 0xd3, 0x9e, 0x97, 0x15, 0xd2, 0xf6, 0x0d, 0x3d, 0x02, 0x29,
        0xf8, 0x10,
    ])
}

pub fn disable_account_loader_special_case() -> Pubkey {
    Pubkey::new([
        0xc7, 0x2b, 0x39, 0x35, 0x25, 0x63, 0x29, 0x7f, 0x69, 0x4f, 0x2d, 0x7f, 0x8c, 0x2c, 0xbb,
        0x62, 0x13, 0x3e, 0x4d, 0xf8, 0xc9, 0xc0, 0x2d, 0x75, 0xed, 0xed, 0x28, 0x6a, 0x6f, 0x44,
        0xe6, 0x8f,
    ])
}

pub fn remove_accounts_executable_flag_checks() -> Pubkey {
    Pubkey::new([
        0xd7, 0xeb, 0x98, 0x87, 0x27, 0xcf, 0x64, 0x78, 0xbe, 0x0d, 0x81, 0x84, 0x03, 0x96, 0x2b,
        0x10, 0x77, 0xb6, 0xc9, 0xcb, 0x3b, 0xfd, 0x6c, 0x3b, 0x95, 0xf6, 0xa4, 0x79, 0xee, 0x74,
        0xde, 0xb8,
    ])
}

pub fn fix_alt_bn128_multiplication_input_length() -> Pubkey {
    Pubkey::new([
        0x08, 0xe8, 0xaa, 0x2e, 0x13, 0xc5, 0xc5, 0x54, 0xe2, 0xc3, 0xb4, 0x0e, 0x26, 0xb4, 0x64,
        0x3b, 0xc7, 0xcb, 0x89, 0x6c, 0xc0, 0x06, 0x05, 0xaa, 0x65, 0x7f, 0x3a, 0x3d, 0x30, 0xee,
        0xf9, 0x05,
    ])
}

pub fn lift_cpi_caller_restriction() -> Pubkey {
    Pubkey::new([
        0xf6, 0xd3, 0x41, 0xcb, 0x4b, 0xa2, 0x65, 0x9e, 0xac, 0xe7, 0x83, 0xef, 0x30, 0xe5, 0xfc,
        0xc1, 0x9a, 0x94, 0x8b, 0x9b, 0x00, 0xba, 0x8a, 0xad, 0xf5, 0x2a, 0x6b, 0x9f, 0x65, 0x24,
        0x5e, 0xc8,
    ])
}

pub fn accounts_lt_hash() -> Pubkey {
    Pubkey::new([
        0x04, 0xfb, 0xc1, 0xc8, 0xa2, 0xa2, 0xac, 0xda, 0x75, 0xee, 0xf4, 0x49, 0x65, 0x74, 0x21,
        0x57, 0xdc, 0x0e, 0x4b, 0x16, 0x65, 0xd4, 0x98, 0xd0, 0x04, 0x28, 0x03, 0xf7, 0x8b, 0xa4,
        0x41, 0xd8,
    ])
}

pub fn remove_accounts_delta_hash() -> Pubkey {
    Pubkey::new([
        0x04, 0xfc, 0x24, 0x64, 0xea, 0x47, 0xc7, 0x01, 0xce, 0x63, 0x3e, 0xfe, 0x17, 0xa1, 0xa9,
        0xa9, 0xd2, 0xdb, 0x08, 0x93, 0x34, 0x17, 0x9e, 0x78, 0x50, 0x90, 0x91, 0x6c, 0x31, 0x8b,
        0xc9, 0x75,
    ])
}

pub fn snapshots_lt_hash() -> Pubkey {
    Pubkey::new([
        0x04, 0xfc, 0x6a, 0x5f, 0xbf, 0x7b, 0xb5, 0x56, 0x65, 0xe6, 0x61, 0xcc, 0x39, 0xc8, 0x8c,
        0xa7, 0x3e, 0x31, 0xe9, 0xea, 0xad, 0x08, 0x7c, 0x60, 0x1c, 0x5c, 0x77, 0xcb, 0x58, 0x08,
        0xf8, 0xbb,
    ])
}

pub fn reserve_minimal_cus_for_builtin_instructions() -> Pubkey {
    Pubkey::new([
        0xa5, 0xb1, 0x67, 0x6f, 0x57, 0x48, 0x66, 0xc6, 0xf6, 0x9e, 0x9c, 0xfb, 0x60, 0x44, 0xe4,
        0xbc, 0xdd, 0xae, 0x3b, 0x38, 0x3d, 0x7b, 0x71, 0x74, 0x6d, 0xc2, 0xd8, 0x80, 0x67, 0x53,
        0x2e, 0x0e,
    ])
}

pub fn raise_block_limits_to_50m() -> Pubkey {
    Pubkey::new([
        0x47, 0x4e, 0x4d, 0x72, 0x6d, 0x7e, 0xdc, 0x08, 0x29, 0xbb, 0xfe, 0x79, 0x87, 0x59, 0x54,
        0xe4, 0x26, 0x89, 0xce, 0xaa, 0x39, 0xd5, 0x03, 0xed, 0x1e, 0x89, 0x79, 0x4d, 0x46, 0xa0,
        0x5c, 0xe7,
    ])
}

pub fn raise_block_limits_to_60m() -> Pubkey {
    Pubkey::new([
        0x56, 0x29, 0xfd, 0x5b, 0x06, 0x1d, 0x78, 0x49, 0xfc, 0x80, 0x45, 0xef, 0xbe, 0x42, 0x3f,
        0xbc, 0x45, 0x8b, 0x26, 0xf1, 0x43, 0x04, 0xd8, 0x27, 0x0e, 0xfb, 0xba, 0x13, 0x22, 0x82,
        0x30, 0xc6,
    ])
}

pub fn raise_block_limits_to_100m() -> Pubkey {
    Pubkey::new([
        0x05, 0xa2, 0xfa, 0x02, 0xbf, 0x06, 0x9b, 0xb5, 0xcf, 0xeb, 0xc7, 0x5c, 0x1d, 0xc9, 0x2a,
        0x8b, 0x6c, 0x88, 0x83, 0x7e, 0xad, 0x76, 0x0e, 0x05, 0x45, 0xf5, 0xa8, 0x63, 0x63, 0x9c,
        0xe7, 0xad,
    ])
}

pub fn move_precompile_verification_to_svm() -> Pubkey {
    Pubkey::new([
        0x85, 0x6c, 0x3d, 0xbc, 0xfd, 0xf4, 0xf4, 0x8e, 0x9f, 0xfa, 0xe7, 0xd0, 0xf8, 0xfc, 0x84,
        0xda, 0x5a, 0x8b, 0x15, 0x32, 0x54, 0xe0, 0xe1, 0xa2, 0xe4, 0x64, 0x57, 0x89, 0x94, 0x0b,
        0x38, 0x47,
    ])
}

pub fn enable_transaction_loading_failure_fees() -> Pubkey {
    Pubkey::new([
        0x05, 0xc9, 0x32, 0x95, 0xdc, 0xe3, 0x71, 0xd5, 0xa0, 0x2c, 0x0f, 0xe9, 0xc0, 0xa6, 0x12,
        0xfa, 0xe6, 0x68, 0x7d, 0x69, 0x95, 0x6d, 0x0d, 0xb5, 0x77, 0xf3, 0x6e, 0xf1, 0xf9, 0x78,
        0x72, 0x8c,
    ])
}

pub fn disable_partitioned_rent_collection() -> Pubkey {
    Pubkey::new([
        0x11, 0x6d, 0x1d, 0xd8, 0x23, 0xca, 0x86, 0x4d, 0x30, 0x4e, 0x6a, 0x0b, 0x8f, 0xe5, 0x2b,
        0xd4, 0xf9, 0x49, 0xca, 0x91, 0x36, 0x1f, 0x39, 0x34, 0xc7, 0x53, 0x10, 0xf1, 0xcf, 0xfb,
        0x6b, 0x33,
    ])
}

pub fn vote_only_full_fec_sets() -> Pubkey {
    Pubkey::new([
        0x09, 0xe7, 0xc5, 0x4a, 0x98, 0x6c, 0xb6, 0x68, 0x7d, 0xea, 0x99, 0x67, 0x65, 0x85, 0xc4,
        0x3a, 0x6b, 0xac, 0x6d, 0x4c, 0x86, 0x10, 0x38, 0x21, 0xa6, 0x5c, 0x47, 0x63, 0x60, 0x46,
        0x6a, 0x13,
    ])
}

pub fn drop_unchained_merkle_shreds() -> Pubkey {
    Pubkey::new([
        0x40, 0x20, 0xfb, 0xe2, 0x35, 0xb3, 0xf6, 0x28, 0x09, 0x7d, 0x56, 0x40, 0x5b, 0xea, 0xc3,
        0x7a, 0xba, 0x14, 0x9f, 0xee, 0xf5, 0xc5, 0x5a, 0x83, 0xf5, 0x67, 0xbb, 0xa9, 0xee, 0x8c,
        0xd3, 0xdd,
    ])
}

pub fn verify_retransmitter_signature() -> Pubkey {
    Pubkey::new([
        0x3b, 0x8e, 0xa0, 0xc8, 0x5b, 0x51, 0xf1, 0x39, 0x8a, 0xd4, 0xf3, 0xf5, 0x34, 0x19, 0x3d,
        0xde, 0x75, 0xf2, 0x2e, 0x18, 0x6b, 0x4b, 0x21, 0xdc, 0x05, 0xa0, 0xdc, 0xfb, 0xd0, 0x06,
        0xfc, 0x73,
    ])
}

pub fn enable_turbine_extended_fanout_experiments() -> Pubkey {
    Pubkey::new([
        0x0d, 0x4c, 0x62, 0x79, 0xd8, 0xcc, 0xef, 0x78, 0x65, 0x4f, 0x1e, 0xcc, 0x95, 0x3e, 0xad,
        0xbb, 0x36, 0x1c, 0x4e, 0xaf, 0x0f, 0x1f, 0x18, 0xb6, 0xa6, 0xd1, 0xc1, 0xfb, 0x98, 0x6f,
        0xe1, 0xa9,
    ])
}

pub fn vote_only_retransmitter_signed_fec_sets() -> Pubkey {
    Pubkey::new([
        0x06, 0x51, 0x2b, 0xe1, 0x3a, 0x96, 0x4f, 0x49, 0x50, 0xb7, 0xac, 0x06, 0xb0, 0x90, 0x4d,
        0x04, 0xbb, 0xbf, 0x29, 0xc7, 0x0c, 0x01, 0xf6, 0x52, 0x11, 0x2b, 0x02, 0xfa, 0x13, 0x90,
        0x98, 0x76,
    ])
}

pub fn mask_out_rent_epoch_in_vm_serialization() -> Pubkey {
    Pubkey::new([
        0x06, 0x35, 0x10, 0xb8, 0x8d, 0xba, 0x0a, 0x21, 0x00, 0x8d, 0x28, 0x53, 0xaf, 0xe3, 0xa7,
        0x61, 0x15, 0x06, 0x67, 0x97, 0x6d, 0x00, 0x38, 0x42, 0x50, 0xb5, 0x71, 0xf9, 0x6a, 0x30,
        0x65, 0xf7,
    ])
}

pub fn disable_zk_elgamal_proof_program() -> Pubkey {
    Pubkey::new([
        0x0e, 0xcb, 0x71, 0x9e, 0x06, 0x4c, 0x3a, 0xec, 0xc3, 0xa9, 0x71, 0xb0, 0x61, 0x33, 0x9b,
        0x7e, 0xdc, 0x71, 0xc0, 0x35, 0x81, 0x8f, 0xf0, 0x0a, 0xb0, 0x53, 0x46, 0xaa, 0x28, 0xd7,
        0x0b, 0xe1,
    ])
}

pub fn reenable_zk_elgamal_proof_program() -> Pubkey {
    Pubkey::new([
        0x0e, 0xcb, 0x77, 0x6b, 0x04, 0xa2, 0x9f, 0x2e, 0x94, 0xf0, 0x15, 0xf1, 0xf4, 0x36, 0x93,
        0xe8, 0xe5, 0x37, 0xb1, 0x87, 0xba, 0x4a, 0x89, 0xcd, 0x46, 0xcb, 0x0a, 0x41, 0xf7, 0x8f,
        0x43, 0xd9,
    ])
}

pub fn formalize_loaded_transaction_data_size() -> Pubkey {
    Pubkey::new([
        0xbb, 0xe3, 0x22, 0x72, 0x50, 0x76, 0x2f, 0xe7, 0x43, 0x75, 0x35, 0x06, 0xc2, 0x69, 0x5a,
        0x06, 0x5f, 0x21, 0xef, 0x12, 0xcf, 0x24, 0x33, 0x0e, 0x1a, 0xa7, 0x37, 0xbe, 0x4b, 0xb8,
        0xee, 0xb3,
    ])
}

pub fn enable_extend_program_checked() -> Pubkey {
    Pubkey::new([
        0xcf, 0x79, 0x46, 0xee, 0x3c, 0xf5, 0x25, 0x54, 0x0a, 0x0d, 0xdf, 0x28, 0xaa, 0x38, 0x78,
        0x29, 0x49, 0x4a, 0xbe, 0x6c, 0x15, 0x31, 0x49, 0x8d, 0xa0, 0xaa, 0x4d, 0x7e, 0xf0, 0x72,
        0x80, 0x00,
    ])
}

pub fn require_static_nonce_account() -> Pubkey {
    Pubkey::new([
        0x60, 0x72, 0xd6, 0xf8, 0xba, 0xbf, 0xe3, 0xa9, 0x21, 0x5b, 0x69, 0xfe, 0xc0, 0xa5, 0x38,
        0xd5, 0xb2, 0xf6, 0xdf, 0x47, 0xd8, 0xa8, 0x64, 0xfe, 0x01, 0x57, 0x49, 0x68, 0xd3, 0xf6,
        0xb9, 0x84,
    ])
}

pub fn enable_vote_address_leader_schedule() -> Pubkey {
    Pubkey::new([
        0x40, 0x02, 0x73, 0x40, 0x0f, 0xb3, 0x11, 0x37, 0x08, 0x32, 0x50, 0x92, 0x29, 0x6a, 0x13,
        0x68, 0xe5, 0xe5, 0xde, 0x04, 0x99, 0x41, 0x79, 0xc5, 0xa0, 0xdf, 0xd8, 0x45, 0x51, 0x44,
        0x24, 0x80,
    ])
}

pub fn enshrine_slashing_program() -> Pubkey {
    Pubkey::new([
        0x0c, 0xe8, 0xe3, 0x0a, 0x1b, 0x9d, 0x30, 0xc1, 0x5d, 0x98, 0x93, 0xa3, 0x19, 0x40, 0xb4,
        0xc8, 0x7f, 0x92, 0x5b, 0x24, 0x5e, 0x7a, 0xe6, 0xec, 0x6b, 0xe8, 0x87, 0xd5, 0xaa, 0x22,
        0xb2, 0x6d,
    ])
}

pub fn raise_account_cu_limit() -> Pubkey {
    Pubkey::new([
        0x0a, 0x79, 0xe3, 0x9b, 0x1a, 0xcc, 0x64, 0x5c, 0x8c, 0xdf, 0x47, 0xad, 0x61, 0x25, 0x63,
        0x73, 0xdd, 0xf4, 0xc7, 0x34, 0x54, 0x57, 0x6d, 0x36, 0x90, 0xbe, 0xfd, 0xd7, 0x75, 0x72,
        0x01, 0x7f,
    ])
}

pub fn stricter_abi_and_runtime_constraints() -> Pubkey {
    Pubkey::new([
        0x0c, 0xdc, 0xaa, 0x60, 0x4d, 0xd8, 0x04, 0x50, 0x19, 0x27, 0xdb, 0xa5, 0x2d, 0x2a, 0x39,
        0xcf, 0x51, 0xdb, 0xc9, 0xae, 0xd8, 0x06, 0xc9, 0xda, 0x36, 0x46, 0xb8, 0xf2, 0x41, 0x40,
        0x59, 0xed,
    ])
}

pub fn account_data_direct_mapping() -> Pubkey {
    Pubkey::new([
        0xa9, 0x99, 0x77, 0xe6, 0xb5, 0x9b, 0x63, 0x35, 0x90, 0xe7, 0x38, 0x63, 0x73, 0x13, 0x44,
        0x73, 0xb6, 0x2c, 0x57, 0xe4, 0xcb, 0x61, 0x87, 0x3e, 0xae, 0xb4, 0xfd, 0xe3, 0xbc, 0x22,
        0x14, 0x93,
    ])
}

pub fn fix_alt_bn128_pairing_length_check() -> Pubkey {
    Pubkey::new([
        0x08, 0xe9, 0x40, 0xc0, 0xc3, 0x42, 0x8a, 0xf0, 0xbd, 0x9d, 0x09, 0x80, 0xa6, 0xce, 0x78,
        0xcb, 0x1c, 0xc6, 0x57, 0x4e, 0x44, 0xfe, 0xf5, 0x52, 0xe7, 0x0c, 0x40, 0x70, 0xe9, 0x51,
        0xec, 0x74,
    ])
}

pub fn poseidon_enforce_padding() -> Pubkey {
    Pubkey::new([
        0x0c, 0x3e, 0xd9, 0x52, 0x45, 0xee, 0x7b, 0x8c, 0x8a, 0xaf, 0x88, 0xa2, 0x5e, 0x37, 0x29,
        0x76, 0x1d, 0xa5, 0xfb, 0xfa, 0x47, 0x48, 0xfd, 0xd4, 0x5a, 0xff, 0x2b, 0xb8, 0xfa, 0xd3,
        0x1c, 0x98,
    ])
}

pub fn relax_intrabatch_account_locks() -> Pubkey {
    Pubkey::new([
        0x34, 0x2b, 0x0f, 0xf3, 0x77, 0x8f, 0xe3, 0x99, 0x3b, 0x5a, 0xc5, 0xab, 0x87, 0xb5, 0x93,
        0xeb, 0xbe, 0x0c, 0xcc, 0xdd, 0x77, 0x66, 0x11, 0x5d, 0x6c, 0xfc, 0xa1, 0x1e, 0x9b, 0x0e,
        0x0f, 0xac,
    ])
}

pub fn provide_instruction_data_offset_in_vm_r2() -> Pubkey {
    Pubkey::new([
        0x49, 0xa8, 0x3f, 0xba, 0xb8, 0x02, 0x48, 0x7c, 0x34, 0x1e, 0x07, 0x66, 0xab, 0xd9, 0x59,
        0xba, 0x04, 0xfd, 0xce, 0xcc, 0xe6, 0xbf, 0xdf, 0xd4, 0xc6, 0xe1, 0x62, 0xec, 0x0b, 0x10,
        0x26, 0x6f,
    ])
}

pub fn enforce_fixed_fec_set() -> Pubkey {
    Pubkey::new([
        0x09, 0xeb, 0x83, 0xca, 0x11, 0x23, 0x2a, 0xab, 0x68, 0xe0, 0x9b, 0xa2, 0x2d, 0x5d, 0xb1,
        0x6e, 0x00, 0x68, 0x98, 0xc6, 0xa0, 0x8f, 0x40, 0x5b, 0x8e, 0x8c, 0xa3, 0xb4, 0x30, 0x3c,
        0xf6, 0x03,
    ])
}

pub fn increase_cpi_account_info_limit() -> Pubkey {
    Pubkey::new([
        0xef, 0x31, 0xcf, 0xa8, 0x88, 0x28, 0x79, 0x55, 0xd9, 0xb1, 0x72, 0x19, 0xda, 0x33, 0x5d,
        0x8e, 0x8b, 0x8f, 0x5e, 0x3f, 0x41, 0x49, 0xe5, 0x9a, 0x94, 0x65, 0xa6, 0x44, 0xef, 0x9c,
        0xa2, 0xf6,
    ])
}

pub fn deprecate_rent_exemption_threshold() -> Pubkey {
    Pubkey::new([
        0x0c, 0xb8, 0x30, 0xab, 0xeb, 0x2f, 0x79, 0xf4, 0x53, 0xf9, 0xb1, 0x27, 0x15, 0xb8, 0x75,
        0x56, 0xc4, 0x82, 0x1a, 0x67, 0xe0, 0x03, 0xa8, 0x07, 0x5e, 0x13, 0xa7, 0x58, 0xdd, 0xf7,
        0xa2, 0x1d,
    ])
}

pub fn static_instruction_limit() -> Pubkey {
    Pubkey::new([
        0x4b, 0x3e, 0xa0, 0x91, 0xa9, 0xb6, 0xb5, 0xda, 0x05, 0x3a, 0x32, 0x6f, 0x7c, 0x18, 0xd9,
        0x0d, 0x60, 0x87, 0x99, 0x76, 0xfb, 0xc6, 0x6f, 0x18, 0xc1, 0xfa, 0x37, 0x38, 0x94, 0x41,
        0xc1, 0xf9,
    ])
}

pub fn vote_state_v4() -> Pubkey {
    Pubkey::new([
        0xec, 0xfa, 0x3a, 0xf2, 0xab, 0xa3, 0x21, 0x89, 0x19, 0xf4, 0xc3, 0x4c, 0x05, 0xdf, 0x88,
        0xf0, 0x79, 0x57, 0x48, 0xf1, 0x3e, 0x35, 0x12, 0x0b, 0x7b, 0x56, 0xaa, 0xae, 0x3f, 0xe9,
        0x98, 0x58,
    ])
}

pub fn alt_bn128_little_endian() -> Pubkey {
    Pubkey::new([
        0x08, 0xe8, 0xaa, 0x0c, 0xd9, 0xdd, 0x0d, 0x64, 0x43, 0xd8, 0xe2, 0x10, 0x78, 0x48, 0x9b,
        0x29, 0x9a, 0xaa, 0x18, 0x6b, 0x5d, 0xbd, 0x70, 0xca, 0x27, 0xd8, 0x37, 0x59, 0x39, 0x2a,
        0x03, 0x56,
    ])
}

pub fn enable_bls12_381_syscall() -> Pubkey {
    Pubkey::new([
        0x08, 0xb6, 0xbc, 0x4b, 0x2f, 0xee, 0x11, 0x9e, 0x1b, 0x44, 0xd1, 0x6a, 0x49, 0x13, 0x1a,
        0x27, 0xbc, 0xe5, 0x5e, 0xb4, 0xe3, 0xae, 0x15, 0x5b, 0x28, 0x0a, 0x77, 0x38, 0x47, 0xda,
        0x4b, 0xdd,
    ])
}

pub fn enable_alt_bn128_g2_syscalls() -> Pubkey {
    Pubkey::new([
        0x08, 0xe8, 0xa4, 0x89, 0x6d, 0x65, 0x0f, 0x01, 0xb3, 0xde, 0x0b, 0xfd, 0x81, 0xec, 0x55,
        0x33, 0x87, 0x9d, 0x4f, 0x9f, 0xd5, 0x02, 0xb6, 0xa2, 0x50, 0xc6, 0xb9, 0xc5, 0x6e, 0x10,
        0xc5, 0xe6,
    ])
}

pub fn switch_to_chacha8_turbine() -> Pubkey {
    Pubkey::new([
        0xa7, 0xaf, 0x63, 0xf3, 0xce, 0xb1, 0x12, 0xfc, 0xc9, 0xd8, 0x71, 0xc1, 0x4e, 0x8f, 0x17,
        0x9e, 0xd0, 0x6f, 0x9b, 0x70, 0xf8, 0x41, 0x1a, 0x92, 0x9e, 0x48, 0x46, 0xb5, 0x2a, 0x0e,
        0x98, 0x0c,
    ])
}

pub fn bls_pubkey_management_in_vote_account() -> Pubkey {
    Pubkey::new([
        0x91, 0x4a, 0xed, 0x4f, 0x06, 0x90, 0x49, 0xe2, 0x5e, 0x23, 0xe0, 0x40, 0x1c, 0x0d, 0xe5,
        0x76, 0x01, 0x89, 0x67, 0xae, 0x10, 0x0d, 0x78, 0xf4, 0xfa, 0xb2, 0x4b, 0xb4, 0x34, 0xdf,
        0x2a, 0x32,
    ])
}

pub fn relax_programdata_account_check_migration() -> Pubkey {
    Pubkey::new([
        0x0c, 0xb8, 0x61, 0x19, 0x93, 0x8f, 0xce, 0xa5, 0xf4, 0x30, 0x8b, 0x2d, 0x20, 0xe5, 0xf6,
        0xdf, 0xe7, 0x66, 0x90, 0x8a, 0x06, 0xb4, 0x57, 0xaa, 0xa9, 0x0d, 0x88, 0xb6, 0x2f, 0xd6,
        0x4b, 0xa2,
    ])
}

pub fn remove_simple_vote_from_cost_model() -> Pubkey {
    Pubkey::new([
        0x12, 0xc0, 0xcc, 0x9e, 0x1c, 0x42, 0x5c, 0xf5, 0xc7, 0xde, 0x6c, 0x39, 0x5e, 0xc1, 0xbf,
        0xdc, 0x21, 0x5a, 0x01, 0x3e, 0x68, 0x94, 0x70, 0x0e, 0x15, 0xa2, 0x20, 0x46, 0x17, 0x7a,
        0xfb, 0x7b,
    ])
}

pub fn limit_instruction_accounts() -> Pubkey {
    Pubkey::new([
        0x52, 0xd1, 0xb6, 0xb3, 0x5a, 0x56, 0x28, 0x74, 0x22, 0x0c, 0xa4, 0x14, 0xc4, 0x5b, 0xf8,
        0xb5, 0x41, 0xa9, 0xab, 0xc4, 0xe9, 0x73, 0x7d, 0xf5, 0xc7, 0x62, 0x41, 0x5a, 0x84, 0xd7,
        0x5b, 0x33,
    ])
}

pub fn validator_admission_ticket() -> Pubkey {
    Pubkey::new([
        0x07, 0x36, 0xf2, 0xe3, 0x3a, 0x52, 0xff, 0xd2, 0x69, 0xb9, 0x98, 0xdc, 0x58, 0xcf, 0x07,
        0xc0, 0x35, 0xc3, 0x8a, 0x0e, 0xab, 0x82, 0xa0, 0x89, 0xb8, 0xb7, 0x5e, 0xc2, 0x0f, 0xcb,
        0x39, 0x97,
    ])
}

#[cfg(test)]
mod registry_tests {
    use super::*;

    #[test]
    fn registry_has_expected_count() {
        assert_eq!(FEATURE_REGISTRY.len(), FEATURE_COUNT);
    }

    #[test]
    fn feature_id_lookup_succeeds() {
        let pk = feature_id("deprecate_rewards_sysvar");
        assert!(pk.is_some());
        assert_ne!(pk.unwrap(), Pubkey::default());
    }

    #[test]
    fn feature_id_lookup_returns_none_for_unknown() {
        assert!(feature_id("nonexistent_feature_xyz").is_none());
    }

    /// W018 upstream sync: the 14 features added to align with reference baseline
    /// abb557c7 must be registered, resolvable, and have unique non-default ids.
    #[test]
    fn w018_synced_features_registered() {
        let synced = [
            "commission_rate_in_basis_points",
            "create_account_allow_prefund",
            "define_ltds_fee_only_semantics",
            "delay_commission_updates",
            "direct_account_pointers_in_program_input",
            "disable_sbpf_v0_v1_v2_deployment",
            "discard_unexpected_data_complete_shreds",
            "enable_sha512_syscall",
            "loader_v3_minimum_extend_program_size",
            "replace_spl_token_with_p_token",
            "syscall_parameter_address_restrictions",
            "upgrade_bpf_stake_program_to_v5",
            "validate_chained_block_id",
            "virtual_address_space_adjustments",
        ];
        let mut seen = std::collections::HashSet::new();
        for name in synced {
            let pk = feature_id(name).unwrap_or_else(|| panic!("{name} not registered"));
            assert_ne!(pk, Pubkey::default(), "{name} has default id");
            assert!(is_known_feature(&pk), "{name} not recognized as known");
            assert_eq!(
                feature_name(&pk),
                Some(name),
                "{name} name round-trip failed"
            );
            assert!(seen.insert(pk), "duplicate id for {name}");
        }
    }

    #[test]
    fn all_features_have_unique_pubkeys() {
        let mut seen = std::collections::HashSet::new();
        for (name, bytes) in FEATURE_REGISTRY.iter() {
            assert!(seen.insert(bytes), "duplicate pubkey for feature: {}", name);
        }
    }

    #[test]
    fn all_features_have_unique_names() {
        let mut seen = std::collections::HashSet::new();
        for (name, _) in FEATURE_REGISTRY.iter() {
            assert!(seen.insert(name), "duplicate feature name: {}", name);
        }
    }

    /// W029 upstream re-baseline: the new feature
    /// `validate_chained_block_id_2` must be registered, resolvable, and
    /// distinct from the v1 `validate_chained_block_id`.
    #[test]
    fn w029_validate_chained_block_id_2_registered() {
        let v1 = feature_id("validate_chained_block_id").expect("v1 not registered");
        let v2 = feature_id("validate_chained_block_id_2").expect("v2 not registered");
        assert_ne!(v2, Pubkey::default(), "v2 has default id");
        assert_ne!(v1, v2, "v1 and v2 must have distinct ids");
        assert!(is_known_feature(&v2), "v2 not recognized as known");
        assert_eq!(feature_name(&v2), Some("validate_chained_block_id_2"));
    }

    #[test]
    fn named_accessor_matches_registry_lookup() {
        assert_eq!(
            deprecate_rewards_sysvar(),
            feature_id("deprecate_rewards_sysvar").unwrap()
        );
        assert_eq!(enable_loader_v4(), feature_id("enable_loader_v4").unwrap());
        assert_eq!(
            enable_durable_nonce(),
            feature_id("enable_durable_nonce").unwrap()
        );
    }

    #[test]
    fn is_known_feature_works() {
        let pk = deprecate_rewards_sysvar();
        assert!(is_known_feature(&pk));
        assert!(!is_known_feature(&Pubkey::default()));
    }

    #[test]
    fn feature_name_round_trips() {
        let pk = enable_loader_v4();
        assert_eq!(feature_name(&pk), Some("enable_loader_v4"));
    }

    #[test]
    fn all_known_features_returns_correct_count() {
        let all = all_known_features();
        assert_eq!(all.len(), FEATURE_COUNT);
        // All should have None activation
        assert!(all.iter().all(|f| f.activation_slot.is_none()));
    }
}
